"","CS1","CS2","CS3","CS4","SNP"
"NC_035086_1_30372084.0",-0.00380276185378252,0.00404480184392045,0.00345760040793613,0.00629571068455106,"character(0)"
"NC_035086_1_30372084.1",0.00380276185378192,-0.00404480184392017,-0.00345760040793597,-0.00629571068455063,"character(0)"
"NC_035086_1_41411754.0",-0.0427678667077276,0.0107155701608947,-0.0838702354522669,-0.05163358461658,"character(0)"
"NC_035086_1_41411754.1",0.0427678667077279,-0.0107155701608951,0.083870235452267,0.0516335846165803,"character(0)"
"NC_035101_1_40219356.0",0.0370214279986675,-0.0225167990473917,0.0959408315608903,0.0634910741288639,"character(0)"
"NC_035101_1_40219356.1",-0.0370214279986675,0.0225167990473912,-0.0959408315608906,-0.063491074128864,"character(0)"
"NC_035101_1_60064021.0",-0.0775572588893622,-0.104470842836777,0.0486573742724639,-0.068331704069312,"character(0)"
"NC_035101_1_60064021.1",0.0775572588893622,0.104470842836777,-0.0486573742724635,0.068331704069312,"character(0)"
"NC_035101_1_70252314.0",0.0350877478282513,0.0305634448422324,-0.104022160581623,0.0300095386091312,"character(0)"
"NC_035101_1_70252314.1",-0.0350877478282513,-0.0305634448422325,0.104022160581623,-0.030009538609131,"character(0)"
"NC_035077_1_7354513.0",-0.057282055269096,0.0851167303303818,-0.209625300706442,-0.101923487008031,"character(0)"
"NC_035077_1_7354513.1",0.0572820552690959,-0.0851167303303818,0.209625300706442,0.101923487008031,"character(0)"
"NC_035077_1_12187698.0",-0.0305077756700132,-0.0261174293014835,0.0685361988483119,-0.138171570992223,"character(0)"
"NC_035077_1_12187698.1",0.0305077756700132,0.0261174293014835,-0.068536198848312,0.138171570992224,"character(0)"
"NC_035077_1_23729539.0",0.0053394249356838,-0.00131805231380187,-0.00350944663055594,0.00541709294403779,"character(0)"
"NC_035077_1_23729539.1",-0.0053394249356838,0.00131805231380187,0.00350944663055593,-0.00541709294403774,"character(0)"
"NC_035077_1_38986533.1",-0.0234153992989864,-0.0483992687325386,0.12942881954721,0.0222282227284665,"character(0)"
"NC_035077_1_38986533.0",0.0234153992989864,0.0483992687325386,-0.12942881954721,-0.0222282227284665,"character(0)"
"NC_035077_1_44429931.0",-0.00342663434453623,-0.0193339112327648,0.0214937500295347,0.0118550876883925,"character(0)"
"NC_035077_1_44429931.1",0.00342663434453623,0.0193339112327648,-0.0214937500295347,-0.0118550876883925,"character(0)"
"NC_035092_1_17858278.0",-0.0481152368804619,-0.0441475633519373,0.0149273519495101,-0.0106097558803339,"character(0)"
"NC_035092_1_17858278.1",0.0481152368804619,0.0441475633519373,-0.0149273519495101,0.0106097558803339,"character(0)"
"NC_035092_1_33074866.0",-6.32314775178916e-05,7.83860446824811e-05,-0.000308474547858495,-0.00014637688693719,"character(0)"
"NC_035092_1_33074866.1",6.32314775178962e-05,-7.83860446824742e-05,0.000308474547858488,0.000146376886937176,"character(0)"
"NC_035092_1_44116456.0",0.0217584938612934,-0.00828366616755621,0.0102516332244526,0.043837922068537,"character(0)"
"NC_035092_1_44116456.1",-0.0217584938612934,0.00828366616755621,-0.0102516332244526,-0.043837922068537,"character(0)"
"NC_035092_1_48341010.0",0.00389517849722003,-0.00695689567386131,-0.00279872420422162,0.0011824528127642,"character(0)"
"NC_035092_1_48341010.1",-0.00389517849722004,0.00695689567386132,0.00279872420422158,-0.00118245281276413,"character(0)"
"NC_035092_1_62728432.0",-0.00245133409806343,-0.000166050881986159,-0.00130891996134535,-0.000328175278273968,"character(0)"
"NC_035092_1_62728432.1",0.00245133409806344,0.000166050881986199,0.00130891996134533,0.000328175278274014,"character(0)"
"NC_035092_1_62784779.1",0.0103531931560733,0.0227864147313491,-0.0816732204417333,0.0732413324976282,"character(0)"
"NC_035092_1_62784779.0",-0.0103531931560733,-0.0227864147313491,0.0816732204417334,-0.0732413324976282,"character(0)"
"NC_035103_1_26443896.0",0.0181090552886196,0.0414467429134378,-0.0685380978485517,0.0179192800085778,"character(0)"
"NC_035103_1_26443896.1",-0.0181090552886196,-0.0414467429134378,0.0685380978485517,-0.0179192800085778,"character(0)"
"NC_035099_1_5493648.0",-0.043120001897733,0.0268827189934961,0.0480877084087263,-0.0060177408218732,"character(0)"
"NC_035099_1_5493648.1",0.043120001897733,-0.0268827189934961,-0.0480877084087264,0.00601774082187328,"character(0)"
"NC_035099_1_32029860.0",0.01312111294304,0.0675041621171446,-0.132585490156268,0.00782663575112241,"character(0)"
"NC_035099_1_32029860.1",-0.01312111294304,-0.0675041621171447,0.132585490156268,-0.00782663575112236,"character(0)"
"NC_035100_1_27405886.0",0.00139965136369542,0.0461381485122759,-0.0571618980025437,0.0123466129538522,"character(0)"
"NC_035100_1_27405886.1",-0.00139965136369542,-0.0461381485122758,0.0571618980025437,-0.0123466129538521,"character(0)"
"NC_035083_1_6230066.0",0.0138705567157846,0.00291434562324276,-0.0194412168875798,0.00116741434114072,"character(0)"
"NC_035083_1_6230066.1",-0.0138705567157846,-0.00291434562324274,0.0194412168875798,-0.00116741434114069,"character(0)"
"NC_035083_1_42710419.0",-0.0387399860330179,0.021722042038258,-0.0681771614396554,0.0125835374763288,"character(0)"
"NC_035083_1_42710419.1",0.0387399860330178,-0.021722042038258,0.0681771614396554,-0.0125835374763288,"character(0)"
"NC_035083_1_43793241.1",0.00321596501887491,0.00402661246081148,0.0107168835451295,0.0175565861994422,"character(0)"
"NC_035083_1_43793241.0",-0.00321596501887491,-0.00402661246081146,-0.0107168835451296,-0.0175565861994422,"character(0)"
"NC_035083_1_44537893.0",0.00594758643465901,-0.0045811764422816,0.00689202496618434,-0.00206053982733424,"character(0)"
"NC_035083_1_44537893.1",-0.00594758643465901,0.00458117644228163,-0.00689202496618439,0.0020605398273342,"character(0)"
"NC_035083_1_58337126.0",-0.00364564615914278,-0.000784153482505328,0.0010852918397362,-0.0049144573349099,"character(0)"
"NC_035083_1_58337126.1",0.00364564615914277,0.000784153482505355,-0.00108529183973618,0.00491445733490987,"character(0)"
"NC_035083_1_65241784.0",-0.000101504777374182,6.57116198336421e-05,-0.000682924547034075,-0.000815324524874504,"character(0)"
"NC_035083_1_65241784.1",0.000101504777374183,-6.57116198336419e-05,0.000682924547034079,0.00081532452487451,"character(0)"
"NC_035090_1_43876869.0",-0.0221725610361946,-0.0481767253327437,-0.0240375812643111,-0.37458909277773,"character(0)"
"NC_035090_1_43876869.1",0.0221725610361946,0.0481767253327437,0.0240375812643111,0.37458909277773,"character(0)"
"NC_035090_1_44125336.0",0.0292313933941582,0.0168919481097123,0.0739498495604892,0.434254902120809,"character(0)"
"NC_035090_1_44125336.1",-0.0292313933941582,-0.0168919481097123,-0.0739498495604892,-0.434254902120809,"character(0)"
"NC_035090_1_45345547.0",-0.00725310477622949,0.0340453152297055,-0.0731003656925711,-0.0578521170272812,"character(0)"
"NC_035090_1_45345547.1",0.00725310477622949,-0.0340453152297055,0.073100365692571,0.0578521170272812,"character(0)"
"NC_035088_1_47284987.0",-0.0118088720552876,-0.0329509141437524,0.0667208980778473,-0.00268323899806971,"character(0)"
"NC_035088_1_47284987.1",0.0118088720552876,0.0329509141437524,-0.0667208980778474,0.00268323899806974,"character(0)"
"NC_035088_1_48181130.0",0.00987349624201042,0.00463942091297077,0.0338671213419161,0.00540950484769327,"character(0)"
"NC_035088_1_48181130.1",-0.00987349624201043,-0.00463942091297076,-0.0338671213419161,-0.00540950484769327,"character(0)"
"NC_035088_1_56297752.0",0.0208272480064829,-0.0269727690094112,0.024141844554766,-0.0591273937028107,"character(0)"
"NC_035088_1_56297752.1",-0.0208272480064829,0.0269727690094113,-0.024141844554766,0.0591273937028108,"character(0)"
"NC_035088_1_66078752.0",0.00561316419878815,-0.015674488692801,0.0259951751820755,-0.0214621282064593,"character(0)"
"NC_035088_1_66078752.1",-0.00561316419878815,0.0156744886928009,-0.0259951751820755,0.0214621282064593,"character(0)"
"NC_035088_1_67131514.0",0.00253843658305073,0.00613475519135954,-0.0344389526336301,-0.00916121146770259,"character(0)"
"NC_035088_1_67131514.1",-0.00253843658305073,-0.00613475519135954,0.0344389526336302,0.00916121146770255,"character(0)"
"NC_035080_1_30976138.0",0.0107284036486113,0.0105363033232415,-0.00740820924095938,0.048198106932173,"character(0)"
"NC_035080_1_30976138.1",-0.0107284036486113,-0.0105363033232415,0.00740820924095937,-0.048198106932173,"character(0)"
"NC_035080_1_68318464.0",0.00925687425252024,0.017436456670348,-0.0365464331185755,0.0486183405272819,"character(0)"
"NC_035080_1_68318464.1",-0.00925687425252023,-0.017436456670348,0.0365464331185755,-0.0486183405272819,"character(0)"
"NC_035095_1_3348541.0",0.00596670822324011,-0.00398855917958037,0.00422982936901907,-0.0123415923420233,"character(0)"
"NC_035095_1_3348541.1",-0.00596670822324012,0.00398855917958037,-0.00422982936901913,0.0123415923420233,"character(0)"
"NC_035095_1_40050111.0",0.000987039543115823,-0.00650236371928084,-0.0328988964754658,0.0695417482186523,"character(0)"
"NC_035095_1_40050111.1",-0.00098703954311582,0.00650236371928087,0.0328988964754658,-0.0695417482186523,"character(0)"
"NC_035095_1_52923702.0",-0.0323787356422993,-0.0717613305337487,0.0956172770846206,-0.0112444758754459,"character(0)"
"NC_035095_1_52923702.1",0.0323787356422993,0.0717613305337487,-0.0956172770846206,0.0112444758754458,"character(0)"
"NC_035081_1_13954598.0",-0.0314209520670336,0.0601745482167286,-0.229369910053066,-0.115937058775899,"character(0)"
"NC_035081_1_13954598.1",0.0314209520670335,-0.0601745482167286,0.229369910053066,0.115937058775899,"character(0)"
"NC_035081_1_28579373.0",0.0679826945290703,-0.258537471813897,-0.12997955646144,0.0247926128826779,"character(0)"
"NC_035081_1_28579373.1",-0.0679826945290703,0.258537471813897,0.12997955646144,-0.0247926128826779,"character(0)"
"NC_035081_1_31675278.0",0.0655307371062294,-0.254636571129893,-0.126098414742778,0.0287156986558568,"character(0)"
"NC_035081_1_31675278.1",-0.0655307371062294,0.254636571129893,0.126098414742778,-0.0287156986558568,"character(0)"
"NC_035081_1_34973485.0",0.0856001541476126,-0.272476449478234,-0.1362881770879,0.0260854434987389,"character(0)"
"NC_035081_1_34973485.1",-0.0856001541476126,0.272476449478234,0.1362881770879,-0.0260854434987388,"character(0)"
"NC_035081_1_40927121.0",0.00769344098881037,-0.0360984466540657,0.0218788302997112,0.0224933310905982,"character(0)"
"NC_035081_1_40927121.1",-0.00769344098881036,0.0360984466540657,-0.0218788302997111,-0.0224933310905981,"character(0)"
"NC_035081_1_47337540.0",0.0843942890485711,-0.271872736185748,-0.132853538503534,0.0285570356277061,"character(0)"
"NC_035081_1_47337540.1",-0.084394289048571,0.271872736185748,0.132853538503534,-0.0285570356277061,"character(0)"
"NC_035081_1_56162785.0",0.0857977748133844,-0.276102205743473,-0.135646243064858,0.0327527983603972,"character(0)"
"NC_035081_1_56162785.1",-0.0857977748133844,0.276102205743473,0.135646243064858,-0.0327527983603971,"character(0)"
"NC_035081_1_61772669.0",0.00214392819963188,0.0423729388782134,-0.0419463794012972,0.00772540169125201,"character(0)"
"NC_035081_1_61772669.1",-0.00214392819963189,-0.0423729388782134,0.0419463794012972,-0.00772540169125201,"character(0)"
"NC_035081_1_63158919.0",0.00612062862384259,-0.0241197624485903,-0.00775931461722827,0.00304363847485675,"character(0)"
"NC_035081_1_63158919.1",-0.00612062862384258,0.0241197624485903,0.00775931461722829,-0.00304363847485677,"character(0)"
"NC_035081_1_75534697.0",-0.000340609354341985,-0.000688444084640234,0.00402966935115314,-0.000274058049662441,"character(0)"
"NC_035081_1_75534697.1",0.00034060935434198,0.000688444084640246,-0.00402966935115312,0.000274058049662428,"character(0)"
"NC_035087_1_6186937.1",-2.66694826230184e-06,0.0113724421048173,-0.0212609897172896,-0.00131220457626561,"character(0)"
"NC_035087_1_6186937.0",2.66694826230101e-06,-0.0113724421048173,0.0212609897172896,0.00131220457626569,"character(0)"
"NC_035087_1_37031757.0",-0.0208751418485924,-0.0457181715902912,0.0644395686761318,-0.0267437602157687,"character(0)"
"NC_035087_1_37031757.1",0.0208751418485924,0.0457181715902912,-0.0644395686761319,0.0267437602157687,"character(0)"
"NC_035087_1_51408522.0",0.00809850681017883,0.00815387612927897,-0.0126303129490108,-0.03965989055053,"character(0)"
"NC_035087_1_51408522.1",-0.00809850681017883,-0.00815387612927897,0.0126303129490108,0.03965989055053,"character(0)"
"NC_035094_1_17292964.0",0.0160555155168797,-0.00858534514722616,0.00224461598207575,0.00687893273157432,"character(0)"
"NC_035094_1_17292964.1",-0.0160555155168797,0.00858534514722615,-0.00224461598207574,-0.00687893273157433,"character(0)"
"NC_035094_1_25034287.0",-0.0116343852993843,-0.0225608387075463,0.0465879208241484,-0.0762904929331766,"character(0)"
"NC_035094_1_25034287.1",0.0116343852993843,0.0225608387075463,-0.0465879208241484,0.0762904929331766,"character(0)"
"NC_035094_1_25034326.0",-0.0156583651738493,-0.0135859438484552,0.00465089090599691,-0.018044045890115,"character(0)"
"NC_035094_1_25034326.1",0.0156583651738493,0.0135859438484552,-0.00465089090599691,0.0180440458901149,"character(0)"
"NC_035094_1_42701841.0",-0.00126784656704313,-0.00201301324182849,-0.001094532658793,0.000306069420794389,"character(0)"
"NC_035094_1_42701841.1",0.00126784656704313,0.00201301324182852,0.00109453265879299,-0.00030606942079439,"character(0)"
"NC_035094_1_50984953.0",0.0590725092428156,-0.00360974263771722,-0.0149618298595376,0.145140704822347,"character(0)"
"NC_035094_1_50984953.1",-0.0590725092428156,0.00360974263771721,0.0149618298595375,-0.145140704822347,"character(0)"
"NC_035084_1_28035734.1",-0.0193312445475018,0.0048072655656762,-0.0685978541527717,-0.00679079884312825,"character(0)"
"NC_035084_1_28035734.0",0.0193312445475018,-0.00480726556567619,0.0685978541527717,0.00679079884312815,"character(0)"
"NC_035084_1_40399499.0",-6.0366050797094e-05,-0.00403753152653659,0.00591089913994259,-0.0169693868691735,"character(0)"
"NC_035084_1_40399499.1",6.03660507971001e-05,0.00403753152653665,-0.00591089913994255,0.0169693868691735,"character(0)"
"NC_035084_1_40479421.0",0.000377538861446627,0.000258489107789138,0.000102164607779888,-0.00175726921407731,"character(0)"
"NC_035084_1_40479421.1",-0.000377538861446626,-0.000258489107789134,-0.000102164607779909,0.00175726921407732,"character(0)"
"NC_035091_1_5676664.0",-0.0434942119538449,-0.0376495123200927,0.0517479336857547,-0.0642152727770457,"character(0)"
"NC_035091_1_5676664.1",0.0434942119538449,0.0376495123200928,-0.0517479336857547,0.0642152727770458,"character(0)"
"NC_035091_1_26972288.0",0.00604931086850934,0.00125266474433204,-0.0026805731284834,-0.0032944147737967,"character(0)"
"NC_035091_1_26972288.1",-0.00604931086850932,-0.00125266474433209,0.0026805731284834,0.00329441477379675,"character(0)"
"NC_035097_1_37188435.0",-0.000398213726752102,-0.010960997573732,-0.0051668881135288,0.00049451268467765,"character(0)"
"NC_035097_1_37188435.1",0.0003982137267521,0.010960997573732,0.00516688811352877,-0.000494512684677637,"character(0)"
"NC_035093_1_23756920.0",-0.023036594193131,0.0209451646547191,-0.0399374842075137,-0.0605233916825735,"character(0)"
"NC_035093_1_23756920.1",0.023036594193131,-0.0209451646547191,0.0399374842075136,0.0605233916825735,"character(0)"
"NC_035093_1_57728549.0",-0.00775200706954527,0.025738893047035,-0.0692558728874245,0.0176430169801447,"character(0)"
"NC_035093_1_57728549.1",0.00775200706954527,-0.025738893047035,0.0692558728874245,-0.0176430169801447,"character(0)"
"NC_035093_1_58256353.0",-0.00903921176352514,0.022325824223815,-0.0253457026181427,0.0219514455824686,"character(0)"
"NC_035093_1_58256353.1",0.00903921176352514,-0.022325824223815,0.0253457026181428,-0.0219514455824685,"character(0)"
"NC_035082_1_1745954.0",-0.0229242507428156,0.0464501023999224,-0.141230904806772,-0.0109810130911736,"character(0)"
"NC_035082_1_1745954.1",0.0229242507428156,-0.0464501023999224,0.141230904806772,0.0109810130911736,"character(0)"
"NC_035082_1_15867514.0",-0.00100544469610107,0.0383838059307717,-0.100639553067692,0.00829824949038207,"character(0)"
"NC_035082_1_15867514.1",0.00100544469610107,-0.0383838059307717,0.100639553067692,-0.00829824949038207,"character(0)"
"NC_035082_1_23191748.0",-0.000173321327164922,-4.1840024895998e-05,0.000628120205976816,0.00139314849791529,"character(0)"
"NC_035082_1_23191748.1",0.000173321327164924,4.18400248960029e-05,-0.000628120205976802,-0.00139314849791529,"character(0)"
"NC_035082_1_40260800.0",0.0022453221497046,-0.00366062136249149,-0.00126844245383649,-0.000426232532353067,"character(0)"
"NC_035082_1_40260800.1",-0.0022453221497046,0.00366062136249152,0.0012684424538365,0.000426232532353105,"character(0)"
"NC_035082_1_40260970.0",0.00190113400384783,-0.00224897620117455,-0.000933287757006412,-0.0013591893839561,"character(0)"
"NC_035082_1_40260970.1",-0.00190113400384783,0.00224897620117455,0.000933287757006413,0.00135918938395611,"character(0)"
"NC_035082_1_46886531.0",0.000223826960475172,-0.001009372292348,-0.000259962246567151,0.000412167162094371,"character(0)"
"NC_035082_1_46886531.1",-0.000223826960475171,0.001009372292348,0.000259962246567139,-0.000412167162094388,"character(0)"
"NC_035082_1_51490760.0",0.0197413700365321,0.0877782958116798,-0.137845057762687,0.106878695285559,"character(0)"
"NC_035082_1_51490760.1",-0.0197413700365322,-0.0877782958116797,0.137845057762687,-0.106878695285558,"character(0)"
"NC_035082_1_56110072.0",-0.0158665997921913,0.0172143982094963,-0.0651473484571081,0.00471928892212023,"character(0)"
"NC_035082_1_56110072.1",0.0158665997921913,-0.0172143982094963,0.065147348457108,-0.00471928892212021,"character(0)"
"NC_035082_1_60182501.0",-0.00293943476846239,0.069553980622348,-0.137219473913778,0.0108079099212595,"character(0)"
"NC_035082_1_60182501.1",0.00293943476846239,-0.0695539806223481,0.137219473913778,-0.0108079099212597,"character(0)"
"NC_035089_1_10112620.0",-0.00166509079303933,-0.00166256082946876,-0.00649478269895945,0.0204375813460975,"character(0)"
"NC_035089_1_10112620.1",0.00166509079303933,0.00166256082946877,0.00649478269895944,-0.0204375813460975,"character(0)"
"NC_035078_1_32793123.0",0.0119199726704289,0.112622430976214,-0.160444507970949,0.0298879022171877,"character(0)"
"NC_035078_1_32793123.1",-0.0119199726704289,-0.112622430976214,0.160444507970949,-0.0298879022171877,"character(0)"
"NC_035078_1_52384497.0",0.0146750524440697,-0.0169811252891861,0.00563386610052402,-0.00894380778245706,"character(0)"
"NC_035078_1_52384497.1",-0.0146750524440697,0.0169811252891861,-0.00563386610052409,0.00894380778245707,"character(0)"
"NC_035078_1_54044836.0",-0.00312634274095177,0.0154254602183585,0.00640345013010706,-0.01269730542634,"character(0)"
"NC_035078_1_54044836.1",0.00312634274095177,-0.0154254602183584,-0.00640345013010702,0.0126973054263399,"character(0)"
"NC_035078_1_67119313.0",0.000662994150428032,0.0031759997789066,0.0129101096909772,0.000656525848800681,"character(0)"
"NC_035078_1_67119313.1",-0.000662994150428031,-0.00317599977890659,-0.0129101096909772,-0.000656525848800653,"character(0)"
"NC_035078_1_73500031.1",0.00585754083508049,-0.0125645472184397,0.0190826333199631,-0.0146282774120688,"character(0)"
"NC_035078_1_73500031.0",-0.00585754083508049,0.0125645472184397,-0.0190826333199631,0.0146282774120688,"character(0)"
"NC_035078_1_78480158.0",0.00895485084245366,0.0588517491683918,-0.0563390190817997,-0.0146692209327227,"character(0)"
"NC_035078_1_78480158.1",-0.00895485084245367,-0.0588517491683918,0.0563390190817997,0.0146692209327229,"character(0)"
"NC_035079_1_24670264.0",0.0049270471874155,-0.0401870057083215,0.0346806290184047,-0.0234686498455728,"character(0)"
"NC_035079_1_24670264.1",-0.0049270471874155,0.0401870057083215,-0.0346806290184047,0.0234686498455728,"character(0)"
"NC_035079_1_38336651.0",0.00115153441431457,-0.000543173963447822,0.00111099841572508,0.00131864411067574,"character(0)"
"NC_035079_1_38336651.1",-0.00115153441431456,0.000543173963447814,-0.00111099841572506,-0.00131864411067579,"character(0)"
"NC_035079_1_38408941.0",-0.0116406162343421,0.00184746294696458,0.0179113750442656,-0.0201467718576557,"character(0)"
"NC_035079_1_38408941.1",0.0116406162343421,-0.00184746294696459,-0.0179113750442656,0.0201467718576557,"character(0)"
"NC_035104_1_11607954.0",-0.0712695539513529,0.00619704872694294,-0.089943184631326,0.0677825018253048,"character(0)"
"NC_035104_1_11607954.1",0.0712695539513529,-0.00619704872694295,0.089943184631326,-0.0677825018253049,"character(0)"
"NC_035104_1_11609794.0",-0.00340915399139757,0.000371268247463742,3.19060028272377e-05,-0.000270823803939537,"character(0)"
"NC_035104_1_11609794.1",0.00340915399139757,-0.000371268247463742,-3.19060028272371e-05,0.000270823803939533,"character(0)"
"NC_035104_1_11618027.1",0.227016977437626,-0.0235314586390452,0.149887567770839,-0.0263886306891917,"character(0)"
"NC_035104_1_11618027.0",-0.227016977437626,0.0235314586390453,-0.149887567770839,0.0263886306891915,"character(0)"
"NC_035104_1_11625241.0",-0.229879239623093,-0.0556338640225906,-0.0123755618227747,0.0271456717365229,"character(0)"
"NC_035104_1_11625241.1",0.229879239623093,0.0556338640225906,0.0123755618227748,-0.0271456717365229,"character(0)"
"NC_035104_1_11632591.0",-0.172535411720626,-0.0268037978614336,-0.0709971902059148,0.0542508487869308,"character(0)"
"NC_035104_1_11632591.1",0.172535411720626,0.0268037978614335,0.0709971902059148,-0.0542508487869308,"character(0)"
"NC_035104_1_11641623.0",-0.233450408424892,-0.06057543167249,-0.0171785546596198,0.0155583088238839,"character(0)"
"NC_035104_1_11641623.1",0.233450408424892,0.06057543167249,0.0171785546596198,-0.0155583088238839,"character(0)"
"NC_035104_1_11658853.0",-0.225502147018628,-0.0589751652658933,-0.00112105995217311,0.0265523925528747,"character(0)"
"NC_035104_1_11658853.1",0.225502147018628,0.0589751652658933,0.00112105995217315,-0.0265523925528747,"character(0)"
"NC_035104_1_11667578.0",-0.189638143591757,-0.049632996780705,0.0212367323608772,0.0496669105207473,"character(0)"
"NC_035104_1_11667578.1",0.189638143591757,0.0496329967807051,-0.0212367323608772,-0.0496669105207473,"character(0)"
"NC_035104_1_11667915.0",-0.23896867610137,-0.0596804517121698,-0.00428872797824356,0.0225513766481695,"character(0)"
"NC_035104_1_11667915.1",0.23896867610137,0.0596804517121698,0.00428872797824356,-0.0225513766481694,"character(0)"
"NC_035104_1_11671116.0",-0.155233988243373,-0.0447435616101996,0.0168391568759141,0.0590804570939673,"character(0)"
"NC_035104_1_11671116.1",0.155233988243373,0.0447435616101996,-0.0168391568759141,-0.0590804570939673,"character(0)"
"NC_035104_1_11676622.0",-0.174776503970218,-0.0503603017583011,0.0216354603403395,0.0522363564540077,"character(0)"
"NC_035104_1_11676622.1",0.174776503970218,0.0503603017583011,-0.0216354603403394,-0.0522363564540077,"character(0)"
"NC_035104_1_11683204.0",-0.192196402453616,-0.0516389952385054,0.0150433749771606,0.0546006848407569,"character(0)"
"NC_035104_1_11683204.1",0.192196402453616,0.0516389952385054,-0.0150433749771609,-0.0546006848407568,"character(0)"
"NC_035104_1_11773194.0",0.00432174815594143,-0.0475919982676597,0.0396847495264327,-0.0232222273485189,"character(0)"
"NC_035104_1_11773194.1",-0.00432174815594143,0.0475919982676597,-0.0396847495264326,0.0232222273485189,"character(0)"
"NC_035104_1_27516610.0",-0.00658754203663433,0.0820259065343585,-0.116813940020797,0.0451751356169437,"character(0)"
"NC_035104_1_27516610.1",0.00658754203663433,-0.0820259065343585,0.116813940020797,-0.0451751356169437,"character(0)"
"NC_035102_1_5600475.0",-0.0135392521940742,-0.0253076703586243,0.0482260039170575,-0.0539390597462078,"character(0)"
"NC_035102_1_5600475.1",0.0135392521940742,0.0253076703586242,-0.0482260039170575,0.0539390597462077,"character(0)"
"NC_035102_1_12537039.0",0.013086068758879,0.103844471895416,-0.0997523893609092,0.0352428574182549,"character(0)"
"NC_035102_1_12537039.1",-0.013086068758879,-0.103844471895416,0.0997523893609092,-0.0352428574182549,"character(0)"
"NC_035098_1_24247865.0",-0.000662647877774267,-0.00353609673474707,0.00711587379641959,0.000356560415513244,"character(0)"
"NC_035098_1_24247865.1",0.000662647877774261,0.00353609673474705,-0.00711587379641958,-0.000356560415513197,"character(0)"
"NC_035085_1_36338472.0",-0.00373463483804562,-0.0168577067325272,-0.00735324870780822,-0.00435946667668847,"character(0)"
"NC_035085_1_36338472.1",0.00373463483804562,0.0168577067325272,0.00735324870780818,0.00435946667668849,"character(0)"
"NW_24.0",-0.0581225577270383,-0.0551517963532392,0.0346189417480414,-0.0540280468711669,"Omy_RAD40520-48"
"NW_24.1",0.0581225577270383,0.0551517963532393,-0.0346189417480414,0.0540280468711669,"Omy_RAD40520-48"
"NW_42.0",-0.00317991776106105,-0.00429865438816735,0.00488404435061591,-0.000949248604083941,"Omy_RAD619-59"
"NW_42.1",0.00317991776106102,0.00429865438816735,-0.00488404435061594,0.000949248604083965,"Omy_RAD619-59"
