Sample_ID,Long,Lat
51029_E12_163,-123.557206,48.126028
51029_E12_203,-123.557206,48.126028
51029_E12_204,-123.557206,48.126028
51029_E12_209,-123.557206,48.126028
51029_E12_211,-123.557206,48.126028
51029_E12_212,-123.557206,48.126028
51029_E12_221,-123.557206,48.126028
51029_E12_224,-123.557206,48.126028
51029_E12_226,-123.557206,48.126028
51029_E12_229,-123.557206,48.126028
51029_E12_231,-123.557206,48.126028
51029_E12_233,-123.557206,48.126028
51029_E12_246,-123.557206,48.126028
51029_E12_247,-123.554462,48.133958
51029_E12_258,-123.557206,48.126028
51029_E12_259,-123.557206,48.126028
51029_E12_260,-123.557206,48.126028
51029_E12_266,-123.557206,48.126028
51029_E12_267,-123.557206,48.126028
51029_E12_274,-123.557206,48.126028
51029_E12_277,-123.557206,48.126028
51029_E12_281,-123.557206,48.126028
51029_E12_282,-123.555959,48.119386
51029_E12_290,-123.554462,48.133958
51029_E12_292,-123.557206,48.126028
51029_E12_296,-123.557206,48.126028
51029_E12_303,-123.557206,48.126028
51029_E12_314,-123.557206,48.126028
51029_E12_317,-123.557206,48.126028
51029_E12_332,-123.557206,48.126028
51029_E12_339,-123.557206,48.126028
51029_E12_351,-123.565757,48.140852
51029_E12_361,-123.557206,48.126028
51029_E12_362,-123.557206,48.126028
51029_E12_366,-123.557206,48.126028
51029_E12_367,-123.557206,48.126028
51029_E12_369,-123.557206,48.126028
51029_E12_372,-123.557206,48.126028
51029_E12_373,-123.557206,48.126028
51029_E12_378,-123.557206,48.126028
51029_E12_385,-123.557206,48.126028
51029_E12_387,-123.557206,48.126028
51029_E13_001b,-123.557206,48.126028
51029_E13_002a,-123.555959,48.119386
51029_E13_002b,-123.555959,48.119386
51029_E13_003b,-123.557206,48.126028
51029_E13_004a,-123.555959,48.119386
51029_E13_004b,-123.555959,48.119386
51029_E13_005a,-123.555959,48.119386
51029_E13_005b,-123.555959,48.119386
51029_E13_006a,-123.555959,48.119386
51029_E13_006b,-123.555959,48.119386
51029_E13_007a,-123.555959,48.119386
51029_E13_007b,-123.555959,48.119386
51096_044,-123.554462,48.133958
51096_045,-123.554462,48.133958
51096_058,-123.554462,48.133958
51642_01,-123.554462,48.133958
51642_02,-123.554462,48.133958
51642_03,-123.554462,48.133958
51643_16_001,-123.551954,48.133902
51643_16_005,-123.551954,48.133902
51643_16_007,-123.555959,48.119386
51643_16_009,-123.551954,48.133902
51643_16_012,-123.577027,48.063958
51643_16_013,-123.557206,48.126028
51643_16_014,-123.551954,48.133902
51643_16_015,-123.563271,48.139881
51643_16_017,-123.590083,48.015889
51643_16_019,-123.557206,48.126028
51643_16_020,-123.563271,48.139881
51643_16_021,-123.557206,48.126028
51643_16_022,-123.557206,48.126028
51643_16_023,-123.551954,48.133902
51643_16_025,-123.551954,48.133902
51643_16_027,-123.551954,48.133902
51643_16_028,-123.555959,48.119386
51643_16_029,-123.557206,48.126028
51643_16_030,-123.557206,48.126028
51643_16_035,-123.557206,48.126028
51643_16_037,-123.557206,48.126028
51643_16_038,-123.557206,48.126028
51643_16_043,-123.551954,48.133902
51643_16_28,-123.555959,48.119386
51686_1,-123.557206,48.126028
51686_101,-123.558055,48.126089
51686_102,-123.554462,48.133958
51686_103,-123.554462,48.133958
51686_105,-123.554462,48.133958
51686_106,-123.554462,48.133958
51686_107,-123.554462,48.133958
51686_108,-123.599862,48.011814
51686_109,-123.557206,48.126028
51686_117,-123.554462,48.133958
51686_118,-123.563271,48.139881
51686_15_100,-123.563271,48.139881
51686_15_101,-123.563271,48.139881
51686_15_102,-123.563271,48.139881
51686_15_103,-123.563271,48.139881
51686_15_104,-123.563271,48.139881
51686_15_105,-123.563271,48.139881
51686_15_106,-123.563271,48.139881
51686_15_108,-123.554462,48.133958
51686_15_109,-123.554462,48.133958
51686_15_110,-123.554462,48.133958
51686_15_111,-123.554462,48.133958
51686_15_112,-123.554462,48.133958
51686_15_113,-123.554462,48.133958
51686_15_114,-123.554462,48.133958
51686_15_115,-123.555959,48.119386
51686_15_116,-123.555959,48.119386
51686_15_117,-123.577027,48.063958
51686_15_118,-123.563271,48.139881
51686_15_119,-123.554462,48.133958
51686_15_120,-123.554462,48.133958
51686_15_122,-123.554462,48.133958
51686_15_123,-123.554462,48.133958
51686_15_124,-123.554462,48.133958
51686_15_125,-123.554462,48.133958
51686_15_126,-123.554462,48.133958
51686_15_127,-123.599862,48.011814
51686_15_128,-123.599862,48.011814
51686_15_129,-123.577027,48.063958
51686_15_13,-123.554462,48.133958
51686_15_130,-123.554462,48.133958
51686_15_131,-123.554462,48.133958
51686_15_132,-123.563271,48.139881
51686_15_133,-123.563271,48.139881
51686_15_134,-123.554462,48.133958
51686_15_135a,-123.563271,48.139881
51686_15_135b,-123.554462,48.133958
51686_15_136,-123.554462,48.133958
51686_15_137,-123.554462,48.133958
51686_15_138a,-123.554462,48.133958
51686_15_14,-123.554462,48.133958
51686_15_148,-123.599862,48.011814
51686_15_149,-123.599862,48.011814
51686_15_15,-123.554462,48.133958
51686_15_152,-123.554462,48.133958
51686_15_153,-123.554462,48.133958
51686_15_154,-123.554462,48.133958
51686_15_156,-123.565757,48.140852
51686_15_158,-123.557206,48.126028
51686_15_16,-123.554462,48.133958
51686_15_161,-123.554462,48.133958
51686_15_162,-123.557206,48.126028
51686_15_168,-123.599862,48.011814
51686_15_17,-123.554462,48.133958
51686_15_170,-123.557206,48.126028
51686_15_171,-123.554462,48.133958
51686_15_173,-123.554462,48.133958
51686_15_174,-123.554462,48.133958
51686_15_175,-123.554462,48.133958
51686_15_19,-123.554462,48.133958
51686_15_190,-123.599862,48.011814
51686_15_2,-123.554462,48.133958
51686_15_20,-123.554462,48.133958
51686_15_200,-123.554462,48.133958
51686_15_201,-123.557206,48.126028
51686_15_203,-123.557206,48.126028
51686_15_234,-123.599862,48.011814
51686_15_236,-123.557206,48.126028
51686_15_240,-123.557206,48.126028
51686_15_25,-123.554462,48.133958
51686_15_27,-123.555959,48.119386
51686_15_28,-123.554462,48.133958
51686_15_29,-123.554462,48.133958
51686_15_30,-123.554462,48.133958
51686_15_31,-123.554462,48.133958
51686_15_32,-123.554462,48.133958
51686_15_33,-123.554462,48.133958
51686_15_34,-123.554462,48.133958
51686_15_35,-123.554462,48.133958
51686_15_36,-123.557206,48.126028
51686_15_37,-123.554462,48.133958
51686_15_38,-123.554462,48.133958
51686_15_39,-123.557206,48.126028
51686_15_4,-123.554462,48.133958
51686_15_40,-123.554462,48.133958
51686_15_41,-123.554462,48.133958
51686_15_42,-123.554462,48.133958
51686_15_43,-123.554462,48.133958
51686_15_44,-123.554462,48.133958
51686_15_45,-123.554462,48.133958
51686_15_46,-123.554462,48.133958
51686_15_47,-123.554462,48.133958
51686_15_48,-123.554462,48.133958
51686_15_5,-123.554462,48.133958
51686_15_50,-123.558055,48.126089
51686_15_51,-123.554462,48.133958
51686_15_52,-123.554462,48.133958
51686_15_53,-123.554462,48.133958
51686_15_54,-123.554462,48.133958
51686_15_55,-123.554462,48.133958
51686_15_56,-123.554462,48.133958
51686_15_58,-123.554462,48.133958
51686_15_59,-123.554462,48.133958
51686_15_6,-123.554462,48.133958
51686_15_60,-123.554462,48.133958
51686_15_61,-123.554462,48.133958
51686_15_62,-123.557206,48.126028
51686_15_66,-123.554462,48.133958
51686_15_67,-123.554462,48.133958
51686_15_68,-123.554462,48.133958
51686_15_69,-123.554462,48.133958
51686_15_7,-123.554462,48.133958
51686_15_70,-123.554462,48.133958
51686_15_71,-123.554462,48.133958
51686_15_72,-123.554462,48.133958
51686_15_73,-123.554462,48.133958
51686_15_74,-123.554462,48.133958
51686_15_75,-123.554462,48.133958
51686_15_76,-123.554462,48.133958
51686_15_77,-123.554462,48.133958
51686_15_78,-123.554462,48.133958
51686_15_79,-123.554462,48.133958
51686_15_80,-123.554462,48.133958
51686_15_81,-123.554462,48.133958
51686_15_82,-123.554462,48.133958
51686_15_83,-123.554462,48.133958
51686_15_84,-123.554462,48.133958
51686_15_85,-123.555959,48.119386
51686_15_86,-123.554462,48.133958
51686_15_87,-123.554462,48.133958
51686_15_88,-123.554462,48.133958
51686_15_89,-123.554462,48.133958
51686_15_90,-123.554462,48.133958
51686_15_92,-123.563271,48.139881
51686_15_93,-123.563271,48.139881
51686_15_94,-123.554462,48.133958
51686_15_95,-123.599862,48.011814
51686_15_96,-123.577027,48.063958
51686_15_97,-123.580341,48.061003
51686_15_98,-123.577027,48.063958
51686_15_99,-123.563271,48.139881
51686_2,-123.554462,48.133958
51686_3,-123.557206,48.126028
51686_37,-123.554462,48.133958
51686_4,-123.557206,48.126028
51686_5,-123.554462,48.133958
51686_6,-123.557206,48.126028
51686_70,-123.554462,48.133958
51686_71,-123.554462,48.133958
51686_72,-123.554462,48.133958
51686_73,-123.554462,48.133958
51686_74,-123.554462,48.133958
51686_75,-123.554462,48.133958
51686_76,-123.554462,48.133958
51686_93,-123.554462,48.133958
51686_94,-123.555959,48.119386
51686_95,-123.554462,48.133958
51686_96,-123.554462,48.133958
51686_97,-123.599862,48.011814
51686_98,-123.599862,48.011814
51686_noID,-123.554462,48.133958
51761_17_001,-123.563271,48.139881
51761_17_002,-123.563271,48.139881
51761_17_003,-123.563271,48.139881
51761_17_005,-123.565757,48.140852
51761_17_006,-123.565757,48.140852
51761_17_007,-123.563271,48.139881
51761_17_008,-123.565757,48.140852
51761_17_011,-123.554462,48.133958
51761_17_012,-123.554462,48.133958
51761_17_023,-123.604386,47.990391
51761_17_028,-123.554462,48.133958
51761_17_032,-123.563271,48.139881
51761_17_034,-123.563271,48.139881
51761_17_042,-123.604386,47.990391
51761_17_045,-123.604386,47.990391
51761_17_049,-123.604386,47.990391
51761_17_067,-123.599862,48.011814
51761_17_37,-123.554462,48.133958
51761_17_38,-123.563271,48.139881
52008_2018_001,-123.554462,48.133958
52008_2018_002,-123.554462,48.133958
52008_2018_003,-123.563271,48.139881
52008_2018_008,-123.563271,48.139881
52008_2018_011,-123.554462,48.133958
52008_2018_016,-123.555959,48.119386
52008_2018_022,-123.555959,48.119386
52008_2018_026,-123.554462,48.133958
52008_2018_030,-123.563271,48.139881
52008_2018_040,-123.563271,48.139881
52008_2018_041,-123.554462,48.133958
52008_2018_050,-123.554462,48.133958
52008_2018_051,-123.563271,48.139881
52008_2018_060,-123.563271,48.139881
52008_2018_061,-123.563271,48.139881
52008_2018_RP001,-123.58939,48.030954
52008_2018_RP002,-123.58939,48.030954
52008_2018_RP003,-123.58939,48.030954
52008_RP2018_004,-123.58939,48.030954
52009_061918_1_Elk,-123.46932,47.870426
52009_061918_1_Mills,-123.605755,47.993774
52009_061918_10_Elk,-123.46932,47.870426
52009_061918_10_Mills,-123.605755,47.993774
52009_061918_11_Elk,-123.46932,47.870426
52009_061918_11_Mills,-123.605755,47.993774
52009_061918_12_Elk,-123.46932,47.870426
52009_061918_12_Mills,-123.605755,47.993774
52009_061918_13_Elk,-123.46932,47.870426
52009_061918_13_Mills,-123.605755,47.993774
52009_061918_14_Elk,-123.46932,47.870426
52009_061918_14_Mills,-123.605755,47.993774
52009_061918_15_Elk,-123.46932,47.870426
52009_061918_16_Elk,-123.46932,47.870426
52009_061918_16_Mills,-123.605755,47.993774
52009_061918_17_Elk,-123.46932,47.870426
52009_061918_18_Elk,-123.46932,47.870426
52009_061918_18_Mills,-123.605755,47.993774
52009_061918_19_Elk,-123.46932,47.870426
52009_061918_19_Mills,-123.605755,47.993774
52009_061918_2_Elk,-123.46932,47.870426
52009_061918_2_Mills,-123.605755,47.993774
52009_061918_20_Elk,-123.46932,47.870426
52009_061918_20_Mills,-123.605755,47.993774
52009_061918_21_Elk,-123.46932,47.870426
52009_061918_21_Mills,-123.605755,47.993774
52009_061918_22_Elk,-123.46932,47.870426
52009_061918_23_Elk,-123.46932,47.870426
52009_061918_24_Elk,-123.46932,47.870426
52009_061918_25_Mills,-123.605755,47.993774
52009_061918_26_Mills,-123.605755,47.993774
52009_061918_28_Mills,-123.605755,47.993774
52009_061918_29_Mills,-123.605755,47.993774
52009_061918_3_Elk,-123.46932,47.870426
52009_061918_31_Mills,-123.605755,47.993774
52009_061918_32_Mills,-123.605755,47.993774
52009_061918_33_Mills,-123.605755,47.993774
52009_061918_34_Mills,-123.605755,47.993774
52009_061918_35_Mills,-123.605755,47.993774
52009_061918_36_Mills,-123.605755,47.993774
52009_061918_4_Elk,-123.46932,47.870426
52009_061918_4_Mills,-123.605755,47.993774
52009_061918_5_Elk,-123.46932,47.870426
52009_061918_5_Mills,-123.605755,47.993774
52009_061918_6_Elk,-123.46932,47.870426
52009_061918_6_Mills,-123.605755,47.993774
52009_061918_7_Elk,-123.46932,47.870426
52009_061918_7_Mills,-123.605755,47.993774
52009_061918_8_Elk,-123.46932,47.870426
52009_061918_8_Mills,-123.605755,47.993774
52009_061918_9_Elk,-123.46932,47.870426
52009_061918_9_Mills,-123.605755,47.993774
52009_062018_61_Hayes,-123.466043,47.83032
52009_062018_62_Hayes,-123.466043,47.83032
52009_062018_63_Hayes,-123.466043,47.83032
52009_062018_64_Hayes,-123.466043,47.83032
52009_062018_65_Hayes,-123.466043,47.83032
52009_062018_66_Hayes,-123.466043,47.83032
52009_062018_67_Hayes,-123.466043,47.83032
52009_062018_68_Hayes,-123.466043,47.83032
52009_062018_69_Hayes,-123.466043,47.83032
52009_062018_70_Hayes,-123.466043,47.83032
52009_062018_71_Hayes,-123.466043,47.83032
52009_062018_72_Hayes,-123.466043,47.83032
52009_062018_73_Hayes,-123.466043,47.83032
52009_062018_74_Hayes,-123.466043,47.83032
52009_062018_75_Hayes,-123.466043,47.83032
52009_062018_76_Hayes,-123.466043,47.83032
52009_062018_77_Hayes,-123.466043,47.83032
52009_062118_1_Geyser,-123.564708,47.953049
52009_062118_11_Geyser,-123.564708,47.953049
52009_062118_6_Geyser,-123.564708,47.953049
52009_062118_7_Geyser,-123.564708,47.953049
52009_071918_17_Geyser,-123.564708,47.953049
52009_071918_18_Geyser,-123.564708,47.953049
52009_071918_19_Geyser,-123.564708,47.953049
52009_071918_20_Geyser,-123.564708,47.953049
52009_071918_21_Geyser,-123.564708,47.953049
52009_071918_22_Geyser,-123.564708,47.953049
52009_071918_23_Geyser,-123.564708,47.953049
52009_071918_24_Geyser,-123.564708,47.953049
52009_071918_25_Geyser,-123.564708,47.953049
52009_071918_26_Geyser,-123.564708,47.953049
52009_071918_27_Geyser,-123.564708,47.953049
52009_071918_28_Geyser,-123.564708,47.953049
52009_071918_29_Geyser,-123.564708,47.953049
52009_071918_30_Geyser,-123.564708,47.953049
52009_071918_31_Geyser,-123.564708,47.953049
52009_071918_32_Geyser,-123.564708,47.953049
52009_071918_33_Geyser,-123.564708,47.953049
52009_071918_34_Geyser,-123.564708,47.953049
52009_071918_35_Geyser,-123.564708,47.953049
52009_071918_36_Geyser,-123.564708,47.953049
52009_071918_37_Geyser,-123.564708,47.953049
52009_072418_1_Elk,-123.46932,47.870426
52009_072418_10_Elk,-123.46932,47.870426
52009_072418_11_Elk,-123.46932,47.870426
52009_072418_12_Elk,-123.46932,47.870426
52009_072418_13_Elk,-123.46932,47.870426
52009_072418_14_Elk,-123.46932,47.870426
52009_072418_15_Elk,-123.46932,47.870426
52009_072418_16_Elk,-123.46932,47.870426
52009_072418_17_Elk,-123.46932,47.870426
52009_072418_18_Elk,-123.46932,47.870426
52009_072418_19_Elk,-123.46932,47.870426
52009_072418_2_Elk,-123.46932,47.870426
52009_072418_20_Elk,-123.46932,47.870426
52009_072418_21_Elk,-123.46932,47.870426
52009_072418_22_Elk,-123.46932,47.870426
52009_072418_23_Elk,-123.46932,47.870426
52009_072418_24_Elk,-123.46932,47.870426
52009_072418_3_Elk,-123.46932,47.870426
52009_072418_4_Elk,-123.46932,47.870426
52009_072418_5_Elk,-123.46932,47.870426
52009_072418_6_Elk,-123.46932,47.870426
52009_072418_7_Elk,-123.46932,47.870426
52009_072418_8_Elk,-123.46932,47.870426
52009_072418_9_Elk,-123.46932,47.870426
52009_072518_25_Hayes,-123.466043,47.83032
52009_072518_26_Hayes,-123.466043,47.83032
52009_072518_27_Hayes,-123.466043,47.83032
52009_072518_28_Hayes,-123.466043,47.83032
52009_072518_29_Hayes,-123.466043,47.83032
52009_072518_30_Hayes,-123.466043,47.83032
52009_072518_31_Hayes,-123.466043,47.83032
52009_072518_32_Hayes,-123.466043,47.83032
52009_072518_33_Hayes,-123.466043,47.83032
52009_072518_34_Hayes,-123.466043,47.83032
52009_072518_35_Hayes,-123.466043,47.83032
52009_072518_36_Hayes,-123.466043,47.83032
52009_072518_37_Hayes,-123.466043,47.83032
52009_072518_38_Hayes,-123.466043,47.83032
52009_072518_39_Hayes,-123.466043,47.83032
52009_072518_39_Mills,-123.605755,47.993774
52009_072518_40_Hayes,-123.466043,47.83032
52009_072518_40_Mills,-123.605755,47.993774
52009_072518_41_Hayes,-123.466043,47.83032
52009_072518_41_Mills,-123.605755,47.993774
52009_072518_42_Hayes,-123.466043,47.83032
52009_072518_42_Mills,-123.605755,47.993774
52009_072518_43_Hayes,-123.466043,47.83032
52009_072518_43_Mills,-123.605755,47.993774
52009_072518_44_Hayes,-123.466043,47.83032
52009_072518_44_Mills,-123.605755,47.993774
52009_072518_45_Hayes,-123.466043,47.83032
52009_072518_45_Mills,-123.605755,47.993774
52009_072518_46_Hayes,-123.466043,47.83032
52009_072518_46_Mills,-123.605755,47.993774
52009_072518_47_Hayes,-123.466043,47.83032
52009_072518_47_Mills,-123.605755,47.993774
52009_072518_48_Hayes,-123.466043,47.83032
52009_072518_48_Mills,-123.605755,47.993774
52009_072518_49_Hayes,-123.466043,47.83032
52009_072518_49_Mills,-123.605755,47.993774
52009_072518_50_Hayes,-123.466043,47.83032
52009_072518_50_Mills,-123.605755,47.993774
52009_072518_51_Hayes,-123.466043,47.83032
52009_072518_51_Mills,-123.605755,47.993774
52009_072518_52_Hayes,-123.466043,47.83032
52009_072518_52_Mills,-123.605755,47.993774
52009_072518_53_Hayes,-123.466043,47.83032
52009_072518_54_Hayes,-123.466043,47.83032
52009_082018_53_Geyser,-123.564708,47.953049
52009_082018_54_Geyser,-123.564708,47.953049
52009_082018_55_Geyser,-123.564708,47.953049
52009_082018_56_Geyser,-123.564708,47.953049
52009_082018_57_Geyser,-123.564708,47.953049
52009_082018_58_Geyser,-123.564708,47.953049
52009_082018_59_Geyser,-123.564708,47.953049
52009_082018_60_Geyser,-123.564708,47.953049
52009_082018_61_Geyser,-123.564708,47.953049
52009_082018_62_Geyser,-123.564708,47.953049
52009_082018_63_Geyser,-123.564708,47.953049
52009_082018_64_Geyser,-123.564708,47.953049
52009_082018_65_Geyser,-123.564708,47.953049
52009_082018_66_Geyser,-123.564708,47.953049
52009_082018_67_Geyser,-123.564708,47.953049
52009_082018_68_Geyser,-123.564708,47.953049
52009_082018_69_Geyser,-123.564708,47.953049
52009_082018_70_Geyser,-123.564708,47.953049
52009_082018_71_Geyser,-123.564708,47.953049
52009_082018_72_Geyser,-123.564708,47.953049
52009_082018_73_Geyser,-123.564708,47.953049
52009_082018_74_Geyser,-123.564708,47.953049
52009_082018_75_Geyser,-123.564708,47.953049
52009_082018_76_Geyser,-123.564708,47.953049
52009_082018_77_Geyser,-123.564708,47.953049
52009_082018_78_Geyser,-123.564708,47.953049
52009_082018_79_Geyser,-123.564708,47.953049
52009_082018_80_Geyser,-123.564708,47.953049
52009_082018_81_Geyser,-123.564708,47.953049
52009_082018_82_Geyser,-123.564708,47.953049
52009_082018_83_Geyser,-123.564708,47.953049
52009_082018_84_Geyser,-123.564708,47.953049
52009_082118_1_Elk,-123.46932,47.870426
52009_082118_10_Elk,-123.46932,47.870426
52009_082118_11_Elk,-123.46932,47.870426
52009_082118_12_Elk,-123.46932,47.870426
52009_082118_13_Elk,-123.46932,47.870426
52009_082118_14_Elk,-123.46932,47.870426
52009_082118_15_Elk,-123.46932,47.870426
52009_082118_16_Elk,-123.46932,47.870426
52009_082118_17_Elk,-123.46932,47.870426
52009_082118_18_Elk,-123.46932,47.870426
52009_082118_19_Elk,-123.46932,47.870426
52009_082118_2_Elk,-123.46932,47.870426
52009_082118_20_Elk,-123.46932,47.870426
52009_082118_21_Elk,-123.46932,47.870426
52009_082118_22_Elk,-123.46932,47.870426
52009_082118_23_Elk,-123.46932,47.870426
52009_082118_24_Elk,-123.46932,47.870426
52009_082118_25_Elk,-123.46932,47.870426
52009_082118_26_Elk,-123.46932,47.870426
52009_082118_27_Elk,-123.46932,47.870426
52009_082118_28_Elk,-123.46932,47.870426
52009_082118_29_Elk,-123.46932,47.870426
52009_082118_3_Elk,-123.46932,47.870426
52009_082118_30_Elk,-123.46932,47.870426
52009_082118_4_Elk,-123.46932,47.870426
52009_082118_5_Elk,-123.46932,47.870426
52009_082118_6_Elk,-123.46932,47.870426
52009_082118_7_Elk,-123.46932,47.870426
52009_082118_8_Elk,-123.46932,47.870426
52009_082118_9_Elk,-123.46932,47.870426
52009_082218_31_Hayes,-123.466043,47.83032
52009_082218_32_Hayes,-123.466043,47.83032
52009_082218_33_Hayes,-123.466043,47.83032
52009_082218_34_Hayes,-123.466043,47.83032
52009_082218_35_Hayes,-123.466043,47.83032
52009_082218_36_Hayes,-123.466043,47.83032
52009_082218_37_Hayes,-123.466043,47.83032
52009_082218_38_Hayes,-123.466043,47.83032
52009_082218_39_Hayes,-123.466043,47.83032
52009_082218_40_Hayes,-123.466043,47.83032
52009_082218_41_Hayes,-123.466043,47.83032
52009_082218_42_Hayes,-123.466043,47.83032
52009_082218_43_Hayes,-123.466043,47.83032
52009_082218_44_Hayes,-123.466043,47.83032
52009_082218_45_Hayes,-123.466043,47.83032
52009_082218_46_Hayes,-123.466043,47.83032
52009_082218_47_Hayes,-123.466043,47.83032
52009_082218_48_Hayes,-123.466043,47.83032
52009_082218_49_Hayes,-123.466043,47.83032
52009_082218_50_Hayes,-123.466043,47.83032
52009_082218_51_Hayes,-123.466043,47.83032
52009_082218_52_Hayes,-123.466043,47.83032
52009_082218_53_Hayes,-123.466043,47.83032
52009_082218_54_Hayes,-123.466043,47.83032
52009_082218_55_Hayes,-123.466043,47.83032
52009_082218_56_Hayes,-123.466043,47.83032
52009_082218_57_Hayes,-123.466043,47.83032
52009_082218_58_Hayes,-123.466043,47.83032
52009_082218_59_Hayes,-123.466043,47.83032
52009_082218_60_Hayes,-123.466043,47.83032
52009_082318_1_Mills,-123.605755,47.993774
52009_082318_10_Mills,-123.605755,47.993774
52009_082318_11_Mills,-123.605755,47.993774
52009_082318_12_Mills,-123.605755,47.993774
52009_082318_13_Mills,-123.605755,47.993774
52009_082318_14_Mills,-123.605755,47.993774
52009_082318_15_Mills,-123.605755,47.993774
52009_082318_16_Mills,-123.605755,47.993774
52009_082318_17_Mills,-123.605755,47.993774
52009_082318_2_Mills,-123.605755,47.993774
52009_082318_3_Mills,-123.605755,47.993774
52009_082318_4_Mills,-123.605755,47.993774
52009_082318_5_Mills,-123.605755,47.993774
52009_082318_6_Mills,-123.605755,47.993774
52009_082318_7_Mills,-123.605755,47.993774
52009_082318_8_Mills,-123.605755,47.993774
52009_082318_85_Mills,-123.605755,47.993774
52009_082318_86_Mills,-123.605755,47.993774
52009_082318_87_Mills,-123.605755,47.993774
52009_082318_88_Mills,-123.605755,47.993774
52009_082318_89_Mills,-123.605755,47.993774
52009_082318_9_Mills,-123.605755,47.993774
52009_082318_90_Mills,-123.605755,47.993774
52009_082318_91_Mills,-123.605755,47.993774
52009_082318_92_Mills,-123.605755,47.993774
52009_082318_93_Mills,-123.605755,47.993774
52009_082318_94_Mills,-123.605755,47.993774
52009_082318_95_Mills,-123.605755,47.993774
52009_082318_96_Mills,-123.605755,47.993774
52009_091018_18_Geyser,-123.564708,47.953049
52009_091018_19_Geyser,-123.564708,47.953049
52009_091018_20_Geyser,-123.564708,47.953049
52009_091018_21_Geyser,-123.564708,47.953049
52009_091018_22_Geyser,-123.564708,47.953049
52009_091018_23_Geyser,-123.564708,47.953049
52009_091018_24_Geyser,-123.564708,47.953049
52009_091018_25_Geyser,-123.564708,47.953049
52009_091018_26_Geyser,-123.564708,47.953049
52009_091018_27_Geyser,-123.564708,47.953049
52009_091018_28_Geyser,-123.564708,47.953049
52009_091018_29_Geyser,-123.564708,47.953049
52009_091018_30_Geyser,-123.564708,47.953049
52009_091018_31_Geyser,-123.564708,47.953049
52009_091018_32_Geyser,-123.564708,47.953049
52009_091018_33_Geyser,-123.564708,47.953049
52009_091018_34_Geyser,-123.564708,47.953049
52009_091018_35_Geyser,-123.564708,47.953049
52009_091018_36_Geyser,-123.564708,47.953049
52009_091018_37_Geyser,-123.564708,47.953049
52009_091018_38_Geyser,-123.564708,47.953049
52009_091018_39_Geyser,-123.564708,47.953049
52009_091018_40_Geyser,-123.564708,47.953049
52009_091018_41_Geyser,-123.564708,47.953049
52009_091018_42_Geyser,-123.564708,47.953049
52009_091018_43_Geyser,-123.564708,47.953049
52009_091018_44_Geyser,-123.564708,47.953049
52009_091018_45_Geyser,-123.564708,47.953049
52009_091018_46_Geyser,-123.564708,47.953049
52009_091018_47_Geyser,-123.564708,47.953049
52009_091018_48_Geyser,-123.564708,47.953049
52009_091118_1_Elk,-123.46932,47.870426
52009_091118_10_Elk,-123.46932,47.870426
52009_091118_11_Elk,-123.46932,47.870426
52009_091118_12_Elk,-123.46932,47.870426
52009_091118_14_Elk,-123.46932,47.870426
52009_091118_15_Elk,-123.46932,47.870426
52009_091118_16_Elk,-123.46932,47.870426
52009_091118_17_Elk,-123.46932,47.870426
52009_091118_18_Elk,-123.46932,47.870426
52009_091118_19_Elk,-123.46932,47.870426
52009_091118_2_Elk,-123.46932,47.870426
52009_091118_20_Elk,-123.46932,47.870426
52009_091118_21_Elk,-123.46932,47.870426
52009_091118_22_Elk,-123.46932,47.870426
52009_091118_25_Elk,-123.46932,47.870426
52009_091118_26_Elk,-123.46932,47.870426
52009_091118_27_Elk,-123.46932,47.870426
52009_091118_28_Elk,-123.46932,47.870426
52009_091118_29_Elk,-123.46932,47.870426
52009_091118_3_Elk,-123.46932,47.870426
52009_091118_30_Elk,-123.46932,47.870426
52009_091118_31_Elk,-123.46932,47.870426
52009_091118_32_Elk,-123.46932,47.870426
52009_091118_33_Elk,-123.46932,47.870426
52009_091118_34_Elk,-123.46932,47.870426
52009_091118_35_Elk,-123.46932,47.870426
52009_091118_36_Elk,-123.46932,47.870426
52009_091118_37_Elk,-123.46932,47.870426
52009_091118_4_Elk,-123.46932,47.870426
52009_091118_49_Mills,-123.605755,47.993774
52009_091118_5_Elk,-123.46932,47.870426
52009_091118_50_Mills,-123.605755,47.993774
52009_091118_51_Mills,-123.605755,47.993774
52009_091118_52_Mills,-123.605755,47.993774
52009_091118_53_Mills,-123.605755,47.993774
52009_091118_54_Mills,-123.605755,47.993774
52009_091118_55_Mills,-123.605755,47.993774
52009_091118_56_Mills,-123.605755,47.993774
52009_091118_57_Mills,-123.605755,47.993774
52009_091118_58_Mills,-123.605755,47.993774
52009_091118_59_Mills,-123.605755,47.993774
52009_091118_6_Elk,-123.46932,47.870426
52009_091118_60_Mills,-123.605755,47.993774
52009_091118_61_Mills,-123.605755,47.993774
52009_091118_62_Mills,-123.605755,47.993774
52009_091118_63_Mills,-123.605755,47.993774
52009_091118_64_Mills,-123.605755,47.993774
52009_091118_65_Mills,-123.605755,47.993774
52009_091118_66_Mills,-123.605755,47.993774
52009_091118_67_Mills,-123.605755,47.993774
52009_091118_68_Mills,-123.605755,47.993774
52009_091118_69_Mills,-123.605755,47.993774
52009_091118_7_Elk,-123.46932,47.870426
52009_091118_70_Mills,-123.605755,47.993774
52009_091118_71_Mills,-123.605755,47.993774
52009_091118_72_Mills,-123.605755,47.993774
52009_091118_73_Mills,-123.605755,47.993774
52009_091118_74_Mills,-123.605755,47.993774
52009_091118_75_Mills,-123.605755,47.993774
52009_091118_76_Mills,-123.605755,47.993774
52009_091118_77_Mills,-123.605755,47.993774
52009_091118_78_Mills,-123.605755,47.993774
52009_091118_79_Mills,-123.605755,47.993774
52009_091118_8_Elk,-123.46932,47.870426
52009_091218_49_Hayes,-123.466043,47.83032
52009_091218_50_Hayes,-123.466043,47.83032
52009_091218_51_Hayes,-123.466043,47.83032
52009_091218_52_Hayes,-123.466043,47.83032
52009_091218_53_Hayes,-123.466043,47.83032
52009_091218_54_Hayes,-123.466043,47.83032
52009_091218_56_Hayes,-123.466043,47.83032
52009_091218_57_Hayes,-123.466043,47.83032
52009_091218_58_Hayes,-123.466043,47.83032
52009_091218_59_Hayes,-123.466043,47.83032
52009_091218_60_Hayes,-123.466043,47.83032
52009_091218_61_Hayes,-123.466043,47.83032
52009_091218_62_Hayes,-123.466043,47.83032
52009_091218_63_Hayes,-123.466043,47.83032
52009_091218_64_Hayes,-123.466043,47.83032
52009_091218_66_Hayes,-123.466043,47.83032
52009_091218_67_Hayes,-123.466043,47.83032
52009_091218_68_Hayes,-123.466043,47.83032
52009_091218_69_Hayes,-123.466043,47.83032
52009_091218_70_Hayes,-123.466043,47.83032
52009_091218_71_Hayes,-123.466043,47.83032
52009_091218_72_Hayes,-123.466043,47.83032
52009_091218_73_Hayes,-123.466043,47.83032
52009_091218_74_Hayes,-123.466043,47.83032
52009_091218_75_Hayes,-123.466043,47.83032
52009_091218_76_Hayes,-123.466043,47.83032
52009_091218_77_Hayes,-123.466043,47.83032
52009_091218_78_Hayes,-123.466043,47.83032
52009_091218_79_Hayes,-123.466043,47.83032
52009_091218_80_Hayes,-123.466043,47.83032
52009_091218_81_Hayes,-123.466043,47.83032
52009_091218_82_Hayes,-123.466043,47.83032
52009_091218_83_Hayes,-123.466043,47.83032
52009_091218_84_Hayes,-123.466043,47.83032
52009_091218_85_Hayes,-123.466043,47.83032
52009_091218_86_Hayes,-123.466043,47.83032
52009_091218_87_Hayes,-123.466043,47.83032
52009_091218_88_Hayes,-123.466043,47.83032
52009_091218_89_Hayes,-123.466043,47.83032
52009_091218_90_Hayes,-123.466043,47.83032
52009_091218_91_Hayes,-123.466043,47.83032
52009_091218_92_Hayes,-123.466043,47.83032
52009_2018_001,-123.554462,48.133958
52009_2018_002,-123.554462,48.133958
52009_2018_003,-123.563271,48.139881
52275_003,-123.555959,48.119386
52275_004,-123.554462,48.133958
52275_005,-123.563271,48.139881
52275_006,-123.557206,48.126028
52275_007,-123.555959,48.119386
52275_008,-123.563271,48.139881
52275_009,-123.554462,48.133958
52275_010,-123.563271,48.139881
52275_011,-123.580341,48.061003
52275_012,-123.554462,48.133958
52275_013,-123.554462,48.133958
52275_014,-123.554462,48.133958
52275_015,-123.590568,48.044759
52275_016,-123.590568,48.044759
52275_020,-123.554462,48.133958
52275_021,-123.554462,48.133958
52275_022,-123.554462,48.133958
52275_023,-123.554462,48.133958
52275_024,-123.554462,48.133958
52275_025,-123.554462,48.133958
52275_026,-123.563271,48.139881
52275_027,-123.554462,48.133958
52275_029,-123.554462,48.133958
52275_030,-123.554462,48.133958
52275_031,-123.554462,48.133958
52275_032,-123.554462,48.133958
52275_033,-123.555959,48.119386
52275_034,-123.555959,48.119386
52275_035,-123.554462,48.133958
52275_036,-123.554462,48.133958
52275_037,-123.563271,48.139881
52275_038,-123.563271,48.139881
52275_039,-123.563271,48.139881
52275_040,-123.557206,48.126028
52275_041,-123.590568,48.044759
52275_042,-123.597254,48.026106
52275_043,-123.592738,48.037542
52275_044,-123.592738,48.037542
52275_045,-123.592738,48.037542
52275_046,-123.580341,48.061003
52275_047,-123.580341,48.061003
52275_048,-123.554462,48.133958
52275_049,-123.554462,48.133958
52275_050,-123.554462,48.133958
52275_051,-123.554462,48.133958
52275_052,-123.555959,48.119386
52275_053,-123.563271,48.139881
52275_054,-123.563271,48.139881
52275_055,-123.563271,48.139881
52275_060,-123.554462,48.133958
52275_061,-123.554462,48.133958
52275_062,-123.554462,48.133958
52275_063,-123.555959,48.119386
52275_064,-123.555959,48.119386
52275_065,-123.554462,48.133958
52275_066,-123.563271,48.139881
52275_070,-123.59973,47.983731
52275_071,-123.59973,47.983731
52275_072,-123.59973,47.983731
52275_073,-123.59973,47.983731
52275_074,-123.604386,47.990391
52275_075,-123.604386,47.990391
52275_076,-123.604386,47.990391
52275_077,-123.604386,47.990391
52275_078,-123.604386,47.990391
52275_079,-123.605755,47.993774
52275_080,-123.599862,48.011814
52275_081,-123.599862,48.011814
52275_082,-123.592738,48.037542
52275_085,-123.554462,48.133958
52275_086,-123.554462,48.133958
52275_087,-123.554462,48.133958
52275_088,-123.554462,48.133958
52275_089,-123.554462,48.133958
52275_090,-123.554462,48.133958
52275_091,-123.554462,48.133958
52275_092,-123.554462,48.133958
52275_093,-123.563271,48.139881
52275_094,-123.563271,48.139881
52275_095,-123.563271,48.139881
52275_096,-123.563271,48.139881
52275_097,-123.563271,48.139881
52275_098,-123.563271,48.139881
52275_099,-123.563271,48.139881
52275_100,-123.554462,48.133958
52275_101,-123.554462,48.133958
52275_102,-123.554462,48.133958
52275_103,-123.563271,48.139881
52275_104,-123.563271,48.139881
52275_110,-123.554462,48.133958
52275_111,-123.554462,48.133958
52275_120,-123.604386,47.990391
52275_121,-123.605755,47.993774
52275_145,-123.554462,48.133958
52275_146,-123.555959,48.119386
52275_147,-123.553206,48.114253
52275_148,-123.553206,48.114253
52275_149,-123.553206,48.114253
52275_150,-123.553206,48.114253
52275_151,-123.553206,48.114253
52275_152,-123.553206,48.114253
52275_153,-123.553206,48.114253
52275_154,-123.553206,48.114253
52275_155,-123.553206,48.114253
52275_156,-123.553206,48.114253
52275_157,-123.553206,48.114253
52275_158,-123.553206,48.114253
52275_159,-123.553206,48.114253
52275_160,-123.553206,48.114253
52275_161,-123.553206,48.114253
52275_162,-123.553206,48.114253
52275_163,-123.553206,48.114253
52275_164,-123.553206,48.114253
52275_165,-123.553206,48.114253
52275_166,-123.555959,48.119386
52275_167,-123.560045,47.948635
52275_168,-123.560045,47.948635
52275_169,-123.560045,47.948635
52275_170,-123.560045,47.948635
52275_171,-123.560045,47.948635
52275_172,-123.605755,47.993774
52275_173,-123.527356,47.734627
52275_174,-123.527356,47.734627
52275_175,-123.527356,47.734627
52275_176,-123.577027,48.063958
52275_177,-123.577027,48.063958
52275_178,-123.466043,47.83032
52275_179,-123.466043,47.83032
52275_180,-123.466043,47.83032
52275_181,-123.468739,47.861505
52275_182,-123.468739,47.861505
52275_183,-123.577027,48.063958
52275_184,-123.577027,48.063958
52275_185,-123.527356,47.734627
52275_186,-123.527356,47.734627
52275_187,-123.527356,47.734627
52275_188,-123.468739,47.861505
52275_189,-123.468739,47.861505
52275_190,-123.468739,47.861505
52275_191,-123.468739,47.861505
52275_192,-123.466043,47.83032
52275_193,-123.466043,47.83032
52275_194,-123.466043,47.83032
52275_195,-123.466043,47.83032
52331_001,-123.507611,48.052361
52331_002,-123.507611,48.052361
52331_003,-123.507611,48.052361
52331_004,-123.507611,48.052361
52331_005,-123.507611,48.052361
52331_006,-123.507611,48.052361
52331_007,-123.507611,48.052361
52331_008,-123.507611,48.052361
52331_009,-123.507611,48.052361
52331_010,-123.507611,48.052361
52331_011,-123.507611,48.052361
52331_012,-123.507611,48.052361
52331_013,-123.507611,48.052361
52331_014,-123.507611,48.052361
52331_015,-123.507611,48.052361
52331_016,-123.507611,48.052361
52331_017,-123.507611,48.052361
52331_018,-123.507611,48.052361
52331_019,-123.507611,48.052361
52331_020,-123.507611,48.052361
52331_021,-123.507611,48.052361
52331_022,-123.507611,48.052361
52331_023,-123.507611,48.052361
52331_024,-123.507611,48.052361
52331_025,-123.507611,48.052361
52331_026,-123.507611,48.052361
52331_027,-123.507611,48.052361
52381_160,-123.563271,48.139881
52381_170,-123.554462,48.133958
52382_2020_001,-123.554462,48.133958
52382_2020_002,-123.554462,48.133958
52382_2020_003,-123.554462,48.133958
52382_2020_004,-123.563271,48.139881
52382_2020_006,-123.554462,48.133958
52382_2020_007,-123.554462,48.133958
52382_2020_008,-123.554462,48.133958
52382_2020_009,-123.554462,48.133958
52382_2020_010,-123.554462,48.133958
52382_2020_030,-123.554462,48.133958
52382_2020_031,-123.554462,48.133958
52382_2020_032,-123.563271,48.139881
52382_2020_033,-123.554462,48.133958
52382_2020_034,-123.554462,48.133958
52382_2020_035,-123.563271,48.139881
52382_2020_040,-123.554462,48.133958
52382_2020_041,-123.554462,48.133958
52382_2020_042,-123.554462,48.133958
52382_2020_043,-123.563271,48.139881
52382_2020_044,-123.563271,48.139881
52382_2020_050,-123.554462,48.133958
52382_2020_051,-123.554462,48.133958
52382_2020_052,-123.554462,48.133958
52382_2020_053,-123.554462,48.133958
52382_2020_054,-123.554462,48.133958
52382_2020_055,-123.555959,48.119386
52382_2020_056,-123.554462,48.133958
52382_2020_057,-123.554462,48.133958
52382_2020_058,-123.563271,48.139881
52382_2020_059,-123.563271,48.139881
52382_2020_060,-123.563271,48.139881
52382_2020_061,-123.563271,48.139881
52382_2020_062,-123.563271,48.139881
52382_2020_070,-123.554462,48.133958
52382_2020_071,-123.554462,48.133958
52382_2020_072,-123.554462,48.133958
52382_2020_073,-123.563271,48.139881
52382_2020_074,-123.554462,48.133958
52382_2020_075,-123.554462,48.133958
52382_2020_076,-123.557206,48.126028
52382_2020_077,-123.554462,48.133958
52382_2020_078,-123.554462,48.133958
52382_2020_079,-123.563271,48.139881
52382_2020_080,-123.554462,48.133958
52382_2020_081,-123.563271,48.139881
52382_2020_082,-123.554462,48.133958
52382_2020_083,-123.554462,48.133958
52382_2020_084,-123.554462,48.133958
52382_2020_085,-123.555959,48.119386
52382_2020_086,-123.555959,48.119386
52382_2020_087,-123.555959,48.119386
52382_2020_088,-123.554462,48.133958
52382_2020_089,-123.554462,48.133958
52382_2020_090,-123.554462,48.133958
52382_2020_091,-123.554462,48.133958
52382_2020_092,-123.554462,48.133958
52382_2020_093,-123.563271,48.139881
52382_2020_100,-123.554462,48.133958
52382_2020_101,-123.554462,48.133958
52382_2020_102,-123.554462,48.133958
52382_2020_103,-123.563271,48.139881
52382_2020_104,-123.563271,48.139881
52382_2020_105,-123.563271,48.139881
52382_2020_110,-123.555959,48.119386
52382_2020_111,-123.555959,48.119386
52382_2020_120,-123.554462,48.133958
52382_2020_121,-123.563271,48.139881
52382_2020_136,-123.563271,48.139881
52382_2020_140,-123.554462,48.133958
52382_2020_150,-123.554462,48.133958
52382_2020_151scales,-123.554462,48.133958
52382_2020_153,-123.563271,48.139881
52382_2020_450,-123.593633,47.972516
52382_2020_451,-123.593633,47.972516
52382_2020_453,-123.593633,47.972516
52382_2020_455,-123.593633,47.972516
52382_2020_456,-123.593633,47.972516
52382_2020_457,-123.593633,47.972516
52382_2020_8_11_20_F718,-123.554462,48.133958
52382_2020_FT50055,-123.554462,48.133958
52382_2020_FTss497_498,-123.557206,48.126028
52383_2021_001,-123.563271,48.139881
52383_2021_002,-123.563271,48.139881
52383_2021_003,-123.563271,48.139881
52383_2021_004,-123.563271,48.139881
52383_2021_005,-123.554462,48.133958
52383_2021_006,-123.563271,48.139881
52383_2021_007,-123.580341,48.061003
52383_2021_008,-123.580341,48.061003
52383_2021_009,-123.580341,48.061003
52383_2021_010,-123.563271,48.139881
52383_2021_015,-123.554462,48.133958
52383_2021_016,-123.554462,48.133958
52383_2021_017,-123.554462,48.133958
52383_2021_018,-123.563271,48.139881
52383_2021_019,-123.591759,48.019128
52383_2021_020,-123.591759,48.019128
52383_2021_021,-123.591759,48.019128
52383_2021_023,-123.592738,48.037542
52383_2021_026,-123.580341,48.061003
52383_2021_027,-123.580341,48.061003
52383_2021_030,-123.563271,48.139881
52383_2021_031,-123.563271,48.139881
52383_2021_032,-123.563271,48.139881
52383_2021_040,-123.554462,48.133958
52383_2021_041,-123.554462,48.133958
52383_2021_042,-123.554462,48.133958
52383_2021_043,-123.554462,48.133958
52383_2021_044,-123.554462,48.133958
52383_2021_045,-123.554462,48.133958
52383_2021_046,-123.563271,48.139881
52383_2021_047,-123.563271,48.139881
52383_2021_048,-123.563271,48.139881
52383_2021_050,-123.554462,48.133958
52383_2021_051,-123.563271,48.139881
52383_2021_052,-123.563271,48.139881
52383_2021_053,-123.563271,48.139881
52383_2021_060,-123.554462,48.133958
52383_2021_061,-123.555959,48.119386
52383_2021_062,-123.554462,48.133958
52383_2021_067,-123.591759,48.019128
52383_2021_068,-123.591759,48.019128
52383_2021_069,-123.591759,48.019128
52383_2021_070,-123.591759,48.019128
52383_2021_071,-123.592738,48.037542
52383_2021_072,-123.592738,48.037542
52383_2021_073,-123.592738,48.037542
52383_2021_074,-123.592738,48.037542
52383_2021_075,-123.59973,47.983731
52383_2021_076,-123.59973,47.983731
52383_2021_077,-123.604386,47.990391
52383_2021_078,-123.604386,47.990391
52383_2021_079,-123.604386,47.990391
52383_2021_080,-123.604386,47.990391
52383_2021_081,-123.604386,47.990391
52383_2021_082,-123.604386,47.990391
52383_2021_083,-123.604386,47.990391
52383_2021_084,-123.604386,47.990391
52383_2021_086,-123.554462,48.133958
52383_2021_087,NA,NA
52383_2021_088,-123.555959,48.119386
52383_2021_089,-123.554462,48.133958
52383_2021_090,-123.592738,48.037542
52383_2021_091,-123.580341,48.061003
52383_2021_092,-123.563271,48.139881
52383_2021_093,-123.554462,48.133958
52383_2021_094,-123.563271,48.139881
52383_2021_095,-123.563271,48.139881
52383_2021_100,-123.554462,48.133958
52383_2021_101,-123.554462,48.133958
52383_2021_102,-123.554462,48.133958
52383_2021_103,-123.554462,48.133958
52383_2021_104,-123.554462,48.133958
52383_2021_105,-123.563271,48.139881
52383_2021_106,-123.554462,48.133958
52383_2021_107,-123.563271,48.139881
52383_2021_108,-123.563271,48.139881
52383_2021_109,-123.563271,48.139881
52383_2021_110,-123.563271,48.139881
52383_2021_111,-123.554462,48.133958
52383_2021_112,-123.554462,48.133958
52383_2021_113,-123.554462,48.133958
52383_2021_114,-123.563271,48.139881
52383_2021_115,-123.563271,48.139881
52383_2021_116,-123.563271,48.139881
52383_2021_117,-123.563271,48.139881
52383_2021_118,-123.563271,48.139881
52383_2021_119,-123.563271,48.139881
52383_2021_120,-123.563271,48.139881
52383_2021_121,-123.554462,48.133958
52383_2021_122,-123.563271,48.139881
52383_2021_123,-123.563271,48.139881
52383_2021_124,-123.563271,48.139881
52383_2021_125,-123.563271,48.139881
52383_2021_126,-123.563271,48.139881
52383_2021_127,-123.563271,48.139881
52383_2021_128,-123.563271,48.139881
52383_2021_129,-123.554462,48.133958
52383_2021_130,-123.554462,48.133958
52383_2021_131,-123.554462,48.133958
52383_2021_132,-123.554462,48.133958
52383_2021_133,-123.554462,48.133958
52383_2021_134,-123.563271,48.139881
52383_2021_135,-123.563271,48.139881
52383_2021_136,-123.555959,48.119386
52383_2021_138,-123.563271,48.139881
52383_2021_139,-123.563271,48.139881
52383_2021_140,-123.604386,47.990391
52383_2021_141,-123.604386,47.990391
52383_2021_142,-123.604386,47.990391
52383_2021_143,-123.605755,47.993774
52383_2021_150,-123.577027,48.063958
52383_2021_151,-123.577027,48.063958
