"","name_loci","p_value","chi^2","df","Pr(chi^2 >)"
"NC_035086_1_7508221",NA,NA,"3.61939683324974","1","0.0571095747936303"
"NC_035086_1_10852282","NC_035086_1_10852282","1.72973093515161e-07","27.3137934985199","1","1.72973093515161e-07"
"NC_035086_1_30372084","NC_035086_1_30372084","0","897.681302283216","1","0"
"NC_035086_1_32872704",NA,NA,"2.27159271083135","1","0.131764426791706"
"NC_035086_1_38704654",NA,NA,"0.0165800283504853","1","0.89754482033289"
"NC_035086_1_40486618",NA,NA,"0.0596425333743938","1","0.80706182559004"
"NC_035086_1_41411754",NA,NA,"1.62099008293075","1","0.20295378990085"
"NC_035086_1_44060919",NA,NA,"0.542107994261469","1","0.461560415944809"
"NC_035086_1_46190822",NA,NA,"3.31712573739377","1","0.0685615981430024"
"NC_035086_1_56447078",NA,NA,"0.507313124289974","1","0.476304302974868"
"NC_035086_1_59855697",NA,NA,"2.31720629142912","1","0.127949640870672"
"NC_035086_1_60401405",NA,NA,"0.0702852593420923","1","0.790921894963418"
"NC_035086_1_61496264","NC_035086_1_61496264","0.00109721598870849","10.6558787950598","1","0.00109721598870849"
"NC_035086_1_63650747","NC_035086_1_63650747","2.39528341605677e-09","35.6223114118177","1","2.39528341605677e-09"
"NC_035101_1_30017455",NA,NA,"0.308943143596267","1","0.578329439838347"
"NC_035101_1_40219356",NA,NA,"3.14053494071162","1","0.0763687564048394"
"NC_035101_1_47325393",NA,NA,"0.000235626714922071","1","0.987752843408934"
"NC_035101_1_48248474",NA,NA,"0.279941551734833","1","0.596739528344357"
"NC_035101_1_54990925",NA,NA,"0.175713777535548","1","0.675082926925288"
"NC_035101_1_60064021","NC_035101_1_60064021","0.000928490313278574","10.9649983152724","1","0.000928490313278574"
"NC_035101_1_70252314",NA,NA,"1.04553107222774","1","0.306538570779082"
"NC_035101_1_82366395","NC_035101_1_82366395","0.047597765489375","3.92413166026937","1","0.047597765489375"
"NC_035077_1_7354513","NC_035077_1_7354513","0.00836351714285699","6.95393285143085","1","0.00836351714285699"
"NC_035077_1_10499333",NA,NA,"1.71118043874363","1","0.190832286217443"
"NC_035077_1_12187698",NA,NA,"0.278579074439904","1","0.597634057529041"
"NC_035077_1_12240053",NA,NA,"0","0","1"
"NC_035077_1_18131799",NA,NA,"0.612633627031572","1","0.433797922749326"
"NC_035077_1_23729539",NA,NA,"0.0146379297508054","1","0.90370108464217"
"NC_035077_1_24257340",NA,NA,"0.619569815249443","1","0.43120719021039"
"NC_035077_1_38986533",NA,NA,"1.03366667675663","1","0.309299023938219"
"NC_035077_1_44429931","NC_035077_1_44429931","0.0158741481754268","5.81676132768781","1","0.0158741481754268"
"NC_035077_1_55279296","NC_035077_1_55279296","6.19407711179853e-05","16.0423684843582","1","6.19407711179853e-05"
"NC_035077_1_59464348","NC_035077_1_59464348","0.000554565236911331","11.9226168950778","1","0.000554565236911331"
"NC_035077_1_63738413",NA,NA,"1.84339812521788","1","0.174553187899683"
"NC_035077_1_64509889","NC_035077_1_64509889","0.0404479509695606","4.19899470051689","1","0.0404479509695606"
"NC_035077_1_70466474",NA,NA,"1.18561717005676","1","0.276215411034612"
"NC_035077_1_70466483",NA,NA,"0.326297420411687","1","0.567847477957583"
"NC_035077_1_77384035",NA,NA,"0.228229629944916","1","0.632839649550629"
"NC_035077_1_77446133",NA,NA,"0.000700788622164048","1","0.978880537542207"
"NC_035092_1_11433435",NA,NA,"2.04969645148893","1","0.152236539768875"
"NC_035092_1_14853962",NA,NA,"2.23614009130133","1","0.134817150715822"
"NC_035092_1_14858081",NA,NA,"0.95390182699462","1","0.328728105457765"
"NC_035092_1_16334074","NC_035092_1_16334074","0","97.6963128481583","1","0"
"NC_035092_1_17858278",NA,NA,"2.51478965008525","1","0.112782681705099"
"NC_035092_1_18279174",NA,NA,"1.83838974677483","1","0.175139796084064"
"NC_035092_1_27506018",NA,NA,"0.266157594460436","1","0.605921015314071"
"NC_035092_1_30729150",NA,NA,"2.51998491141889","1","0.112411660252008"
"NC_035092_1_33074866",NA,NA,"0","0","1"
"NC_035092_1_44116456","NC_035092_1_44116456","0","255.477976657094","1","0"
"NC_035092_1_46432462","NC_035092_1_46432462","0","104.628048592303","1","0"
"NC_035092_1_47743637",NA,NA,"2.54789622591609","1","0.1104412262496"
"NC_035092_1_48341010","NC_035092_1_48341010","0.0199739149371793","5.41417281790623","1","0.0199739149371793"
"NC_035092_1_62728432",NA,NA,"0.0106985905979085","1","0.917618535498408"
"NC_035092_1_62784779",NA,NA,"0.673094566367248","1","0.411974776430812"
"NC_035092_1_63247944",NA,NA,"0.478604587922228","1","0.489055061706429"
"NC_035103_1_6297526",NA,NA,"0.00921262456532626","1","0.923534536486803"
"NC_035103_1_23730945","NC_035103_1_23730945","5.55965407045278e-09","33.9829707380851","1","5.55965407045278e-09"
"NC_035103_1_26443896","NC_035103_1_26443896","0.0203425066189344","5.38226025722529","1","0.0203425066189344"
"NC_035103_1_27944494",NA,NA,"0.0233659592554547","1","0.878509248884094"
"NC_035099_1_5493648",NA,NA,"0.00717922927315121","1","0.93247578069459"
"NC_035099_1_10095418","NC_035099_1_10095418","2.06810574332472e-05","18.1255242419937","1","2.06810574332472e-05"
"NC_035099_1_21581080",NA,NA,"0.891955682386592","1","0.344947886275273"
"NC_035099_1_23659737",NA,NA,"0.0281621393730334","1","0.866728200044758"
"NC_035099_1_31418339",NA,NA,"0.549927940991178","1","0.458347138896691"
"NC_035099_1_32029860",NA,NA,"0.328698201332408","1","0.566426641589823"
"NC_035099_1_37125668",NA,NA,"0.0876773353020562","1","0.767150973352491"
"NC_035099_1_38313338",NA,NA,"0.202245445755326","1","0.652914459178069"
"NC_035100_1_7009687",NA,NA,"0.407910988440797","1","0.523031713919235"
"NC_035100_1_10475451",NA,NA,"1.1930379047123","1","0.27471763031992"
"NC_035100_1_24547687","NC_035100_1_24547687","0","492.221545327053","1","0"
"NC_035100_1_27405886",NA,NA,"0.187363929917675","1","0.665119711722763"
"NC_035100_1_28174967",NA,NA,"0.114246230898406","1","0.73536070085036"
"NC_035083_1_6230066",NA,NA,"0.153556938832391","1","0.695159133409262"
"NC_035083_1_10975716",NA,NA,"3.72437686929762","1","0.0536236328797691"
"NC_035083_1_10976028",NA,NA,"0.000227894209764375","1","0.987955460182421"
"NC_035083_1_11029167",NA,NA,"0.444329643271772","1","0.505040089733998"
"NC_035083_1_19036977","NC_035083_1_19036977","2.25375273998907e-14","58.2931873202347","1","2.25375273998907e-14"
"NC_035083_1_36600038",NA,NA,"1.76222322636178","1","0.18434745178259"
"NC_035083_1_42710419","NC_035083_1_42710419","0.0168176477813859","5.71530446461648","1","0.0168176477813859"
"NC_035083_1_43793241",NA,NA,"0.54156439434672","1","0.461785112919395"
"NC_035083_1_44470619",NA,NA,"0","0","1"
"NC_035083_1_44537893",NA,NA,"0.303003887204217","1","0.582005352916066"
"NC_035083_1_45227750",NA,NA,"0.203914930555556","1","0.651579212494079"
"NC_035083_1_49977794",NA,NA,"0.00303104356310677","1","0.956094714993121"
"NC_035083_1_56234573",NA,NA,"1.46632000815732","1","0.22592721223869"
"NC_035083_1_56428776",NA,NA,"2.98224823935408","1","0.0841822632731468"
"NC_035083_1_57239751",NA,NA,"1.30488114716509","1","0.25332354715167"
"NC_035083_1_57239957","NC_035083_1_57239957","0","502.443781314601","1","0"
"NC_035083_1_58337126","NC_035083_1_58337126","0","285.263673469388","1","0"
"NC_035083_1_61875465",NA,NA,"1.47887343971966","1","0.223950866316905"
"NC_035083_1_65241784",NA,NA,"0.000218340569754573","1","0.988210606127104"
"NC_035083_1_67908135",NA,NA,"0.0868527425054736","1","0.768217032698864"
"NC_035083_1_68303584",NA,NA,"0.179154952832924","1","0.672100468671826"
"NC_035090_1_13150534",NA,NA,"1.65246067567797","1","0.198624350618899"
"NC_035090_1_18498042",NA,NA,"0.0325782353212819","1","0.856764435370878"
"NC_035090_1_22071034",NA,NA,"0.195496857640132","1","0.658380472434956"
"NC_035090_1_24435825",NA,NA,"0.0539334766493099","1","0.816354856898438"
"NC_035090_1_28552649",NA,NA,"0.807508585557176","1","0.368857864788756"
"NC_035090_1_43876869",NA,NA,"0.000533716487038248","1","0.981568667213982"
"NC_035090_1_44125336",NA,NA,"0.00191419594084952","1","0.965102467489112"
"NC_035090_1_45345547",NA,NA,"1.01555929171576","1","0.313574678492941"
"NC_035090_1_48758470",NA,NA,"3.33668330758495","1","0.0677510479820318"
"NC_035090_1_53660117","NC_035090_1_53660117","0.00283613265565463","8.91","1","0.00283613265565463"
"NC_035090_1_56051917",NA,NA,"0.453474099099819","1","0.500689760583589"
"NC_035090_1_56074485",NA,NA,"0.532279675818236","1","0.465650010209784"
"NC_035090_1_59971780",NA,NA,"1.92844422781742","1","0.164928754727458"
"NC_035090_1_69044121",NA,NA,"0.035721155672495","1","0.850092494012735"
"NC_035090_1_71969784",NA,NA,"0.207042275335091","1","0.649095581710196"
"NC_035088_1_5079371",NA,NA,"0.631025512359218","1","0.426979398620241"
"NC_035088_1_28727952",NA,NA,"0.247546936839653","1","0.618807675652499"
"NC_035088_1_31104727","NC_035088_1_31104727","0.0189862073561061","5.50278546705306","1","0.0189862073561061"
"NC_035088_1_40136309",NA,NA,"2.08660420964804","1","0.148596048564612"
"NC_035088_1_47284987",NA,NA,"3.00833798492211","1","0.0828371874219878"
"NC_035088_1_48181130","NC_035088_1_48181130","0.00599609632974607","7.5514753228454","1","0.00599609632974607"
"NC_035088_1_48861950",NA,NA,"0.269976795382878","1","0.603347338566432"
"NC_035088_1_53383757",NA,NA,"0","0","1"
"NC_035088_1_56277959",NA,NA,"0.209920000000001","1","0.646830114400758"
"NC_035088_1_56297752",NA,NA,"7.05418671471996e-05","1","0.993298709717515"
"NC_035088_1_62308122",NA,NA,"0.193260053338646","1","0.660217041644529"
"NC_035088_1_65899610",NA,NA,"0.749939180105721","1","0.386495487391778"
"NC_035088_1_66078752","NC_035088_1_66078752","0.000349208907029164","12.7860756828574","1","0.000349208907029164"
"NC_035088_1_66828836",NA,NA,"1.72847156685571","1","0.188606210333129"
"NC_035088_1_66917868",NA,NA,"0.546545499008985","1","0.459732646864402"
"NC_035088_1_67131514","NC_035088_1_67131514","8.81566012411739e-08","28.6180497414072","1","8.81566012411739e-08"
"NC_035088_1_68382081",NA,NA,"0.340650730288934","1","0.559453848704803"
"NC_035088_1_70990844","NC_035088_1_70990844","0.039261725961077","4.24950702240012","1","0.039261725961077"
"NC_035080_1_3391469","NC_035080_1_3391469","2.18694755449445e-06","22.4233870978405","1","2.18694755449445e-06"
"NC_035080_1_7635334",NA,NA,"0.0374593588069981","1","0.846532790852261"
"NC_035080_1_28889024",NA,NA,"0.66237983351183","1","0.415721027728808"
"NC_035080_1_30976138",NA,NA,"0.0154618834724688","1","0.901041468015761"
"NC_035080_1_35250473",NA,NA,"0.070171653188539","1","0.791087017169539"
"NC_035080_1_52310165",NA,NA,"0.0153881571230123","1","0.901276469571211"
"NC_035080_1_63031581",NA,NA,"0.132403480878733","1","0.715952928766962"
"NC_035080_1_68318464","NC_035080_1_68318464","0","102.066671983489","1","0"
"NC_035095_1_3348541",NA,NA,"1.46865216153659","1","0.225558472692182"
"NC_035095_1_6114061","NC_035095_1_6114061","4.94254703901076e-05","16.4700202452779","1","4.94254703901076e-05"
"NC_035095_1_10329530",NA,NA,"2.73286221902822","1","0.0983029674961784"
"NC_035095_1_12518551","NC_035095_1_12518551","0.0133327817535596","6.12440946549131","1","0.0133327817535596"
"NC_035095_1_19111591",NA,NA,"2.75438608625013","1","0.0969880390965048"
"NC_035095_1_20264968",NA,NA,"0.000389439930470207","1","0.984255382544328"
"NC_035095_1_23702093","NC_035095_1_23702093","4.64414106160493e-05","16.5881040663765","1","4.64414106160493e-05"
"NC_035095_1_27362424","NC_035095_1_27362424","1.19863661206532e-05","19.1654452793313","1","1.19863661206532e-05"
"NC_035095_1_32890059",NA,NA,"2.93915496111338","1","0.0864559522046162"
"NC_035095_1_40050111",NA,NA,"0.171208370191455","1","0.679040116229803"
"NC_035095_1_52923702",NA,NA,"1.08199654928823","1","0.298251343316174"
"NC_035095_1_53855167",NA,NA,"0.245679672858594","1","0.62013371697269"
"NC_035095_1_54446225",NA,NA,"0.703591402664261","1","0.401579555879813"
"NC_035081_1_11341754","NC_035081_1_11341754","0.0189441881181369","5.5066601940628","1","0.0189441881181369"
"NC_035081_1_13954598","NC_035081_1_13954598","3.44307920729925e-07","25.9837238799193","1","3.44307920729925e-07"
"NC_035081_1_14307279",NA,NA,"0.193075493832181","1","0.660369143080404"
"NC_035081_1_28579373","NC_035081_1_28579373","0.0171836389225924","5.67752010186114","1","0.0171836389225924"
"NC_035081_1_31675278","NC_035081_1_31675278","0.0262932715414453","4.93662878421774","1","0.0262932715414453"
"NC_035081_1_34973485","NC_035081_1_34973485","0.0049492073179126","7.89790549330349","1","0.0049492073179126"
"NC_035081_1_40927121","NC_035081_1_40927121","4.44089209850063e-16","66.1787311016074","1","4.44089209850063e-16"
"NC_035081_1_47337540","NC_035081_1_47337540","0.00578628931518199","7.6156813199886","1","0.00578628931518199"
"NC_035081_1_53469295","NC_035081_1_53469295","0.033113378645213","4.53990763625437","1","0.033113378645213"
"NC_035081_1_56162785","NC_035081_1_56162785","0.00191548606219594","9.62881067248247","1","0.00191548606219594"
"NC_035081_1_58840810",NA,NA,"0.740903605161033","1","0.389371574846871"
"NC_035081_1_61772669","NC_035081_1_61772669","0","94.657819979369","1","0"
"NC_035081_1_61828903","NC_035081_1_61828903","7.70355826860136e-05","15.6296879615479","1","7.70355826860136e-05"
"NC_035081_1_63158919","NC_035081_1_63158919","2.24557460726249e-06","22.3725781978985","1","2.24557460726249e-06"
"NC_035081_1_67568174",NA,NA,"0.379531863446646","1","0.537853881623086"
"NC_035081_1_75534697","NC_035081_1_75534697","0","100.889259502861","1","0"
"NC_035081_1_84224892",NA,NA,"0.671610854185592","1","0.412490553129358"
"NC_035087_1_6186937",NA,NA,"0.255211289846145","1","0.613429317902098"
"NC_035087_1_14764807","NC_035087_1_14764807","0.000115047411624936","14.8721771710383","1","0.000115047411624936"
"NC_035087_1_24411085","NC_035087_1_24411085","0.0351799819325963","4.43641813693228","1","0.0351799819325963"
"NC_035087_1_33841260",NA,NA,"3.56599592086529","1","0.0589743541802503"
"NC_035087_1_37031757","NC_035087_1_37031757","0","96.0857647527441","1","0"
"NC_035087_1_42789302",NA,NA,"0.0784317828577441","1","0.779433966417148"
"NC_035087_1_47052310",NA,NA,"1.56023895429571","1","0.211630236198713"
"NC_035087_1_51013177","NC_035087_1_51013177","0.000953708408507059","10.9153471824562","1","0.000953708408507059"
"NC_035087_1_51408522",NA,NA,"0.163000272053644","1","0.686409127643988"
"NC_035087_1_55934332",NA,NA,"0.837001268488282","1","0.360255820269362"
"NC_035087_1_68405894","NC_035087_1_68405894","0.0489359545984576","3.87754877215926","1","0.0489359545984576"
"NC_035094_1_11662801",NA,NA,"0.133250767742177","1","0.715085058690395"
"NC_035094_1_17292964",NA,NA,"0.151595291751429","1","0.697015478321609"
"NC_035094_1_25034287","NC_035094_1_25034287","0.0445516216668105","4.03553218528548","1","0.0445516216668105"
"NC_035094_1_25034326",NA,NA,"0.10573989699403","1","0.745047329431398"
"NC_035094_1_28252083",NA,NA,"0.0131683814443523","1","0.908640452948264"
"NC_035094_1_29118777","NC_035094_1_29118777","0.00483001492278623","7.94201025445272","1","0.00483001492278623"
"NC_035094_1_30802101",NA,NA,"0.00897603414835668","1","0.924519808869104"
"NC_035094_1_34232991",NA,NA,"3.07973499489954","1","0.079273441636873"
"NC_035094_1_36268423",NA,NA,"0.0765428249618944","1","0.782038316799613"
"NC_035094_1_42212299",NA,NA,"0.0366637162270847","1","0.848151336560906"
"NC_035094_1_42701841","NC_035094_1_42701841","0","87.7154525461305","1","0"
"NC_035094_1_50984953",NA,NA,"0.0162153182227858","1","0.898671791625269"
"NC_035094_1_53717512","NC_035094_1_53717512","0.0229034462673368","5.17581338396851","1","0.0229034462673368"
"NC_035084_1_9451350",NA,NA,"0.139200565331418","1","0.709077055364897"
"NC_035084_1_10667361","NC_035084_1_10667361","0.0100614985998333","6.62397574969936","1","0.0100614985998333"
"NC_035084_1_16303316","NC_035084_1_16303316","0.0129391431542036","6.17741152068893","1","0.0129391431542036"
"NC_035084_1_17488038","NC_035084_1_17488038","0.013277368109037","6.13177267193177","1","0.013277368109037"
"NC_035084_1_21426823",NA,NA,"2.17354343556237","1","0.140402391802834"
"NC_035084_1_23949230",NA,NA,"0.319816146937082","1","0.571718154853127"
"NC_035084_1_25539930",NA,NA,"1.72192387784669","1","0.189445587904415"
"NC_035084_1_28035734",NA,NA,"0.850183265144346","1","0.356500498122484"
"NC_035084_1_40399499",NA,NA,"1.53144303015052","1","0.215896000787186"
"NC_035084_1_40479421",NA,NA,"0.000891264890427546","1","0.976183444418878"
"NC_035084_1_42764123",NA,NA,"0.0511013498829054","1","0.821157805923909"
"NC_035084_1_43671991",NA,NA,"2.623929333617","1","0.105263487183067"
"NC_035084_1_50822629",NA,NA,"0.412385077749251","1","0.520761409829478"
"NC_035084_1_61039208",NA,NA,"0","0","1"
"NC_035084_1_69427037",NA,NA,"1.93220739192142","1","0.16451714732867"
"NC_035084_1_82513344","NC_035084_1_82513344","0.0220719064826456","5.2401077816355","1","0.0220719064826456"
"NC_035091_1_5676664",NA,NA,"1.32587479918575","1","0.249540423273065"
"NC_035091_1_13042222","NC_035091_1_13042222","7.27552417734145e-06","20.1193922562818","1","7.27552417734145e-06"
"NC_035091_1_17300850","NC_035091_1_17300850","0.000257009574582412","13.3602826077208","1","0.000257009574582412"
"NC_035091_1_21239768",NA,NA,"0.0545643890806508","1","0.815303124025264"
"NC_035091_1_21454064",NA,NA,"0.00115340100660451","1","0.972907645790457"
"NC_035091_1_24041111","NC_035091_1_24041111","2.0785860307404e-06","22.52100188552","1","2.0785860307404e-06"
"NC_035091_1_26972288",NA,NA,"0.297539276820127","1","0.585429201397764"
"NC_035091_1_28623729","NC_035091_1_28623729","0.00167583216803646","9.87452102348617","1","0.00167583216803646"
"NC_035091_1_31231975","NC_035091_1_31231975","0.0482924833935892","3.89977818278738","1","0.0482924833935892"
"NC_035091_1_44094440","NC_035091_1_44094440","0","281.907241130014","1","0"
"NC_035091_1_59233015",NA,NA,"0.00545011094974478","1","0.941149740211467"
"NC_035097_1_11035495",NA,NA,"0.326241966413924","1","0.567880378722549"
"NC_035097_1_14697073","NC_035097_1_14697073","0.00928338000564721","6.76748050834915","1","0.00928338000564721"
"NC_035097_1_21602618",NA,NA,"2.85635135534866","1","0.0910137287214488"
"NC_035097_1_23806220",NA,NA,"2.14236700702139","1","0.143280668202701"
"NC_035097_1_24129907","NC_035097_1_24129907","0.0404082804373","4.20065870467499","1","0.0404082804373"
"NC_035097_1_24130559","NC_035097_1_24130559","1.44488815030375e-05","18.8089327715501","1","1.44488815030375e-05"
"NC_035097_1_32178517",NA,NA,"2.82574103810136","1","0.0927640678602691"
"NC_035097_1_32766740",NA,NA,"0.0281388057742304","1","0.866782906195679"
"NC_035097_1_37188435","NC_035097_1_37188435","0.0355892462275749","4.41667862825789","1","0.0355892462275749"
"NC_035097_1_41255773",NA,NA,"0.428412180123665","1","0.512769097490553"
"NC_035097_1_41944218",NA,NA,"1.35319182385513","1","0.244720892036144"
"NC_035093_1_7065986",NA,NA,"2.72018494897959","1","0.09908653363187"
"NC_035093_1_7154463",NA,NA,"1.26159964472295","1","0.261348516744062"
"NC_035093_1_14488587","NC_035093_1_14488587","0","85.9102583784949","1","0"
"NC_035093_1_17015658",NA,NA,"0.675683815855325","1","0.41107696065438"
"NC_035093_1_20693754","NC_035093_1_20693754","2.38313255767064e-05","17.855629185245","1","2.38313255767064e-05"
"NC_035093_1_21491290",NA,NA,"0.79053668452141","1","0.373937893221411"
"NC_035093_1_23756920",NA,NA,"0.000492771132246127","1","0.982289654909049"
"NC_035093_1_41462973","NC_035093_1_41462973","4.17443857259059e-14","57.0841176649822","1","4.17443857259059e-14"
"NC_035093_1_48651793","NC_035093_1_48651793","0.0107502429268175","6.50614313164826","1","0.0107502429268175"
"NC_035093_1_57728549",NA,NA,"0.016654143588365","1","0.89731734617919"
"NC_035093_1_58256353",NA,NA,"2.12095345689645","1","0.145296067026893"
"NC_035093_1_58266227",NA,NA,"0.000437062603687954","1","0.983320606638383"
"NC_035093_1_59466696",NA,NA,"2.25965251243776","1","0.132783852814608"
"NC_035093_1_64697703",NA,NA,"0","0","1"
"NC_035082_1_1745954",NA,NA,"3.03839541875128","1","0.0813162583994791"
"NC_035082_1_7594847",NA,NA,"1.73637386246863","1","0.187598938983014"
"NC_035082_1_9809156",NA,NA,"0.295519443757978","1","0.586705058197206"
"NC_035082_1_10325271",NA,NA,"0.119247205868786","1","0.72985239385246"
"NC_035082_1_15867514",NA,NA,"2.37126091219707","1","0.123587192493326"
"NC_035082_1_23191748",NA,NA,"0.000911576272142428","1","0.975913672368306"
"NC_035082_1_33625138",NA,NA,"0.560072321686588","1","0.454231104531209"
"NC_035082_1_36624863",NA,NA,"0.000870321358763694","1","0.976464854364364"
"NC_035082_1_40260800",NA,NA,"0.433867599449293","1","0.510097252889987"
"NC_035082_1_40260970",NA,NA,"0.727487624063353","1","0.393698761437253"
"NC_035082_1_42313129",NA,NA,"0.0233858203408148","1","0.8784580273044"
"NC_035082_1_46886531",NA,NA,"0.00202885112250729","1","0.964073218060341"
"NC_035082_1_51490760","NC_035082_1_51490760","3.75042851219476e-08","30.2744027035853","1","3.75042851219476e-08"
"NC_035082_1_56110072","NC_035082_1_56110072","0.0377405946521402","4.31667517954345","1","0.0377405946521402"
"NC_035082_1_60182501",NA,NA,"0.706461723735639","1","0.400620942249329"
"NC_035089_1_10112620",NA,NA,"0.378017543851489","1","0.538666127517127"
"NC_035089_1_20282478",NA,NA,"0.434430433812134","1","0.509822971065702"
"NC_035089_1_22915161",NA,NA,"0.27216685957311","1","0.6018819146123"
"NC_035089_1_26494831",NA,NA,"0.0380446485315959","1","0.845353511853133"
"NC_035089_1_30001796",NA,NA,"0.00256330780747239","1","0.959621058048854"
"NC_035089_1_32462775",NA,NA,"1.45101303119941","1","0.228365472634006"
"NC_035089_1_36272850",NA,NA,"0.476426471992654","1","0.490045452331492"
"NC_035078_1_6083946",NA,NA,"0.659532090504582","1","0.416725181523564"
"NC_035078_1_6084071","NC_035078_1_6084071","0.0115959915440308","6.37161653360201","1","0.0115959915440308"
"NC_035078_1_8555140",NA,NA,"3.65227933345153","1","0.0559925337929302"
"NC_035078_1_12397197",NA,NA,"6.15956859291931e-07","1","0.999373796969794"
"NC_035078_1_16204563",NA,NA,"1.10970073202687","1","0.292147011994114"
"NC_035078_1_22318448",NA,NA,"1.1063717330983","1","0.292872015309508"
"NC_035078_1_23893157",NA,NA,"0.09992289339024","1","0.751922184608658"
"NC_035078_1_32793123","NC_035078_1_32793123","1.07487699851916e-08","32.7008953348759","1","1.07487699851916e-08"
"NC_035078_1_38922611","NC_035078_1_38922611","0","82.2364356375702","1","0"
"NC_035078_1_42745963",NA,NA,"0","0","1"
"NC_035078_1_48859883",NA,NA,"0.246182233604362","1","0.619776206414672"
"NC_035078_1_52384497","NC_035078_1_52384497","0","75.3877464112501","1","0"
"NC_035078_1_53792050","NC_035078_1_53792050","0.00366276690924139","8.44386635307608","1","0.00366276690924139"
"NC_035078_1_54044836","NC_035078_1_54044836","0","74.3715515424392","1","0"
"NC_035078_1_60022813",NA,NA,"0.208603894203346","1","0.647863864827621"
"NC_035078_1_67119313","NC_035078_1_67119313","1.85979109890155e-09","36.1153184641384","1","1.85979109890155e-09"
"NC_035078_1_73500031",NA,NA,"1.42800366258765","1","0.232090518274106"
"NC_035078_1_78480158",NA,NA,"1.24596907059928","1","0.264323761758755"
"NC_035105_1_14528635",NA,NA,"0.687943433916768","1","0.406864777147173"
"NC_035105_1_15673414",NA,NA,"0.000271307098446757","1","0.986858316537133"
"NC_035105_1_17249654",NA,NA,"1.5898705921399","1","0.207344623564759"
"NC_035105_1_30701374",NA,NA,"0.0473234811618809","1","0.827787843045284"
"NC_035079_1_24670264",NA,NA,"0.919162833796867","1","0.337694880815648"
"NC_035079_1_29109394",NA,NA,"0.0151276191445794","1","0.902111543030969"
"NC_035079_1_37590554","NC_035079_1_37590554","0.0313840122275815","4.6318332649081","1","0.0313840122275815"
"NC_035079_1_38336651","NC_035079_1_38336651","0","1105.36954413983","1","0"
"NC_035079_1_38408941",NA,NA,"0.243347551495175","1","0.621798722565383"
"NC_035079_1_42920502",NA,NA,"2.9323439188942","1","0.0868213573678039"
"NC_035079_1_53735338",NA,NA,"2.30311212062318","1","0.129115070687234"
"NC_035079_1_57523676",NA,NA,"0.134912927570663","1","0.713391560892961"
"NC_035079_1_67894257",NA,NA,"0.553044933577671","1","0.457076198173056"
"NC_035079_1_75458069",NA,NA,"0.691064549845454","1","0.405802523736909"
"NC_035104_1_4245997",NA,NA,"0.289642744430179","1","0.590449559014588"
"NC_035104_1_11607954","NC_035104_1_11607954","1.33885810771339e-07","27.8092305515262","1","1.33885810771339e-07"
"NC_035104_1_11609794","NC_035104_1_11609794","9.99200722162641e-16","64.333368041094","1","9.99200722162641e-16"
"NC_035104_1_11618027","NC_035104_1_11618027","0","354.805019563363","1","0"
"NC_035104_1_11625241","NC_035104_1_11625241","0","586.148455657533","1","0"
"NC_035104_1_11632591","NC_035104_1_11632591","0","92.9224709398719","1","0"
"NC_035104_1_11641623","NC_035104_1_11641623","0","538.824387400811","1","0"
"NC_035104_1_11658853","NC_035104_1_11658853","0","567.119869710593","1","0"
"NC_035104_1_11667578","NC_035104_1_11667578","0","419.312836700348","1","0"
"NC_035104_1_11667915","NC_035104_1_11667915","0","510.463909498304","1","0"
"NC_035104_1_11671116","NC_035104_1_11671116","0","382.466639649026","1","0"
"NC_035104_1_11676622","NC_035104_1_11676622","0","393.331344204744","1","0"
"NC_035104_1_11683204","NC_035104_1_11683204","0","388.553283444167","1","0"
"NC_035104_1_11773194","NC_035104_1_11773194","0.000824568968936013","11.1850980910533","1","0.000824568968936013"
"NC_035104_1_21561303",NA,NA,"0","0","1"
"NC_035104_1_22531125",NA,NA,"0.502681866168998","1","0.478324097779019"
"NC_035104_1_27516610","NC_035104_1_27516610","0.0127318214453829","6.20599704344284","1","0.0127318214453829"
"NC_035104_1_35742946",NA,NA,"0.00708495534002683","1","0.932919539396951"
"NC_035104_1_36390509",NA,NA,"2.1408449599304","1","0.143422876378683"
"NC_035102_1_5600475","NC_035102_1_5600475","0.0211996002155879","5.31030865080556","1","0.0211996002155879"
"NC_035102_1_8028322","NC_035102_1_8028322","0.000389448254868197","12.5821509703507","1","0.000389448254868197"
"NC_035102_1_12537039",NA,NA,"0.536337338305911","1","0.463954628633906"
"NC_035102_1_18315420",NA,NA,"0.0652388650372342","1","0.798399498265642"
"NC_035102_1_19289582",NA,NA,"0.0387323242906123","1","0.843979907046969"
"NC_035098_1_7759328",NA,NA,"0.441817084955049","1","0.506246727267767"
"NC_035098_1_9105891",NA,NA,"0.0248502036132049","1","0.874740897071275"
"NC_035098_1_19922139",NA,NA,"0.183696013846948","1","0.668215998058565"
"NC_035098_1_24247865","NC_035098_1_24247865","0.000228031099190229","13.5847449433009","1","0.000228031099190229"
"NC_035098_1_27226063",NA,NA,"3.01888664912025","1","0.0822999487759292"
"NC_035085_1_21861264",NA,NA,"3.0451072463899","1","0.080980766914564"
"NC_035085_1_36338472","NC_035085_1_36338472","1.69001160732485e-07","27.3587138930973","1","1.69001160732485e-07"
"NC_035085_1_38335692","NC_035085_1_38335692","0.0190866352463624","5.4935604750052","1","0.0190866352463624"
"NC_035085_1_43771325",NA,NA,"1.8480440083978","1","0.174011059237695"
"NC_035085_1_50381707",NA,NA,"0.136250239067359","1","0.712037611055482"
"NC_035085_1_60510483",NA,NA,"1.15004825515853","1","0.283539048353675"
"NC_035085_1_64564508",NA,NA,"0.257780451915067","1","0.611649130874885"
"NW_19",NA,NA,"0.741935041865793","1","0.38904171945983"
"NW_24","NW_24","0","330.297150768472","1","0"
"NW_42",NA,NA,"0.0338504327820333","1","0.854025323459158"
"NW_63",NA,NA,"0.370070700715838","1","0.542965732716927"
"NC_035096_1_1673196",NA,NA,"0.964295143511324","1","0.326107086704548"
"NC_035096_1_4800495",NA,NA,"3.12749545139185","1","0.0769819235013485"
