,remove,Locus,chromosome,snp.coordinate.in.genome,Scaffold,LocusName,Other,Physical_Position,Locus_Name1,Status,SNPeff.Annotation.output,Source,Notes,He,FST,T1,T2,FSTNoCorr,T1NoCorr,T2NoCorr,meanAlleleFreq,pvalues,pvaluesRightTail,qvalues,OutlierFlag
49,no,Omy_RAD619-59,*,42,NW,NW_42,0,42,Omy_RAD61959,Adaptive,"Adaptive. Basin-wide, top-outlier",Micheletti et al 2018 Mol Ecol,,0.109280204,0.012175793,0.000666839,0.054767641,0.026094028,0.001431179,0.054847004,0.94199536,0.901595258,0.549202371,0.671207162,FALSE
42,yes,Omy_RAD50632-21,omy01,38986533,NC_035077.1,NC_035077.1_38986533,0,38986533,Omy_RAD5063221,Adaptive,"Adaptive. Basin-wide, top-outlier",Micheletti et al 2018 Mol Ecol,Minor 4th cluser in Bonn,0.492614942,0.018515214,0.004575305,0.247110585,0.034473589,0.008532317,0.24750301,0.560766182,0.651838097,0.325919048,0.611143793,FALSE
46,yes,Omy_RAD57916-29,omy01,44429931,NC_035077.1,NC_035077.1_44429931,0,44429931,Omy_RAD5791629,Adaptive,"Adaptive. Basin-wide, top-outlier",Micheletti et al 2018 Mol Ecol,,0.364625781,0.009046629,0.001652501,0.182664812,0.024565336,0.004494339,0.182954513,0.760167464,0.809192967,0.595403516,0.671207162,FALSE
50,no,Omy_RAD65808-68,omy01,12187698,NC_035077.1,NC_035077.1_12187698,0,12187698,Omy_RAD6580868,Adaptive,"Adaptive. Mean precipitation (driest quarter). Basin-wide, top-outlier",Micheletti et al 2018 Mol Ecol,,0.47568177,0.021894247,0.005226724,0.238725921,0.035567838,0.008502967,0.239063371,0.610268378,0.603666892,0.301833446,0.604946981,FALSE
26,yes,Omy_RAD37816-68,omy02,73500031,NC_035078.1,NC_035078.1_73500031,0,73500031,Omy_RAD3781668,Adaptive,"Adaptive. Basin-wide, top-outlier",Micheletti et al 2018 Mol Ecol,,0.478417954,0.006077437,0.001455933,0.239563663,0.021026126,0.005044809,0.239930492,0.60387985,0.592777667,0.703611166,0.671207162,FALSE
37,no,Omy_RAD46314-35,omy02,78480158,NC_035078.1,NC_035078.1_78480158,0,78480158,Omy_RAD4631435,Adaptive,Adaptive-Thermal Adaptation,"Chen et al. 2018, MEC. Micheletti et al. 2018, MEC",,0.191850817,0.019758361,0.001901945,0.096260274,0.034437375,0.003320082,0.096409255,0.892523364,0.653476341,0.32673817,0.611143793,FALSE
62,yes,Omy_RAD9004-13,omy02,54044836,NC_035078.1,NC_035078.1_54044836,0,54044836,Omy_RAD900413,Adaptive,"Adaptive. Mean air temperature (driest quarter). Basin-wide, top-outlier",Micheletti et al 2018 Mol Ecol,Poor GT% in Interior Pops,0.182642277,-0.002927286,-0.000267409,0.091350386,0.015247556,0.00139549,0.091522204,0.898345154,0.272267532,0.863866234,0.691610204,FALSE
6,yes,Omy_RAD13499-13,omy03,38408941,NC_035079.1,NC_035079.1_38408941,0,38408941,Omy_RAD1349913,Adaptive,"Adaptive. Natal Site Diurnal Range. Basin-wide, precipitation-related; ",Micheletti et al 2018 Mol Ecol,,0.111101756,0.003515859,0.000195524,0.055611905,0.018169816,0.001011949,0.055693967,0.940963855,0.425191934,0.787404033,0.671207162,FALSE
55,no,Omy_RAD73204-63,omy03,24670264,NC_035079.1,NC_035079.1_24670264,0,24670264,Omy_RAD7320463,Adaptive,Adaptive,"Hess et al 2016, ProcB",,0.418780434,0.00392066,0.0008219,0.209633131,0.018433294,0.003870057,0.20994929,0.701518692,0.440073256,0.779963372,0.671207162,FALSE
58,no,Omy_RAD77789-54,omy04,30976138,NC_035080.1,NC_035080.1_30976138,0,30976138,Omy_RAD7778954,Adaptive,Adaptive,"Hess et al 2016, ProcB",,0.41508102,0.003451037,0.000717018,0.207768739,0.018178087,0.003782593,0.208085338,0.706057007,0.425656852,0.787171574,0.671207162,FALSE
5,yes,Omy_RAD13073-16,omy05,13954598,NC_035081.1,NC_035081.1_13954598,0,13954598,Omy_RAD1307316,Adaptive,"Adaptive. Basin-wide, top-outlier",Micheletti et al 2018 Mol Ecol,,0.498503146,0.046751318,0.011739555,0.251106389,0.061713258,0.0155209,0.251500258,0.527357392,0.064545033,0.032272516,0.200480784,FALSE
22,yes,Omy_RAD35149-9,omy06,60182501,NC_035082.1,NC_035082.1_60182501,0,60182501,Omy_RAD351499,Adaptive,"Adaptive. Basin-wide, top-outlier",Micheletti et al 2018 Mol Ecol,,0.43502743,0.03397683,0.007430813,0.218702357,0.048112983,0.010537682,0.219019513,0.680239521,0.224247719,0.11212386,0.446082913,FALSE
23,no,Omy_RAD35417-9,omy06,15867514,NC_035082.1,NC_035082.1_15867514,0,15867514,Omy_RAD354179,Adaptive,Adaptive. ,"Hess et al 2016, ProcB",,0.24584961,0.019970202,0.002463353,0.123351427,0.033367587,0.004121562,0.123519917,0.856476079,0.703132223,0.351566112,0.611143793,FALSE
35,yes,Omy_RAD43573-37,omy06,1745954,NC_035082.1,NC_035082.1_1745954,0,1745954,Omy_RAD4357337,Adaptive,"Adaptive. Basin-wide, top-outlier",Micheletti et al 2018 Mol Ecol,,0.498811646,0.038228229,0.009592878,0.250937017,0.053268,0.013387672,0.25132673,0.524375743,0.14231844,0.07115922,0.324169779,FALSE
48,yes,Omy_RAD60135-12,omy06,56110072,NC_035082.1,NC_035082.1_56110072,0,56110072,Omy_RAD6013512,Adaptive,"Adaptive. Migration Distance to Ocean. Basin-wide, top-outlier",Micheletti et al 2018 Mol Ecol,,0.399099161,0.018092053,0.003621985,0.200197571,0.032273821,0.006470569,0.20048972,0.724611708,0.756386755,0.378193377,0.617059956,FALSE
54,yes,Omy_RAD7016-31,omy06,51490760,NC_035082.1,NC_035082.1_51490760,0,51490760,Omy_RAD701631,Adaptive,"Adaptive. Basin-wide, top-outlier",Micheletti et al 2018 Mol Ecol,,0.430235316,0.028740797,0.006212562,0.216158312,0.045017354,0.009747357,0.216524438,0.68676815,0.291134978,0.145567489,0.466270864,FALSE
13,yes,Omy_RAD2567-8,omy07,43793241,NC_035083.1,NC_035083.1_43793241,0,43793241,Omy_RAD25678,Adaptive,"Adaptive. Basin-wide, top-outlier",Micheletti et al 2018 Mol Ecol,,0.215018333,0.024818781,0.002679377,0.107957631,0.038761472,0.004190669,0.10811428,0.87747958,0.477798968,0.238899484,0.604946981,FALSE
16,no,Omy_RAD30619-61,omy07,42710419,NC_035083.1,NC_035083.1_42710419,0,42710419,Omy_RAD3061961,Adaptive,Adaptive-Thermal Adaptation,"Chen et al. 2018, MEC. Micheletti et al. 2018, MEC",,0.499898202,0.008972856,0.002246863,0.250406611,0.021964941,0.005507598,0.250744956,0.507134364,0.649901227,0.675049387,0.671207162,FALSE
25,yes,Omy_RAD366-7,omy07,6230066,NC_035083.1,NC_035083.1_6230066,0,6230066,Omy_RAD3667,Adaptive,"Adaptive. Basin-wide, top-outlier",Micheletti et al 2018 Mol Ecol,This was corrected again after L1170,0.335671551,0.010123885,0.001702624,0.16817887,0.024372904,0.004105052,0.168426874,0.786643026,0.797450896,0.601274552,0.671207162,FALSE
12,no,Omy_RAD24287-74,omy08,28035734,NC_035084.1,NC_035084.1_28035734,0,28035734,Omy_RAD2428774,Adaptive,"Adaptive. Basin-wide, top-outlier",Micheletti et al 2018 Mol Ecol,,0.489362774,0.009199668,0.002255219,0.245141388,0.022743539,0.005583182,0.245484288,0.572928821,0.697592698,0.651203651,0.671207162,FALSE
15,yes,Omy_RAD28236-38,omy08,40399499,NC_035084.1,NC_035084.1_40399499,0,40399499,Omy_RAD2823638,Adaptive,"Adaptive. Migration Distance to Ocean. Basin-wide, migration-related",Gen Assess BPA report 2017,,0.113087797,0.002641836,0.000149523,0.056598204,0.01684764,0.00095494,0.05668093,0.939836449,0.352982469,0.823508766,0.688724012,FALSE
51,no,Omy_RAD65959-69,omy09,36338472,NC_035085.1,NC_035085.1_36338472,0,36338472,Omy_RAD6595969,Adaptive,"Adaptive. Basin-wide, top-outlier",Micheletti et al 2018 Mol Ecol,,0.402697089,0.006145883,0.001239407,0.201664556,0.022730216,0.004591811,0.202013534,0.720570749,0.696775381,0.65161231,0.671207162,FALSE
1,yes,Omy_RAD10733-10,omy10,41411754,NC_035086.1,NC_035086.1_41411754,0,41411754,Omy_RAD1073310,Adaptive,"Adaptive. Air and water temperature. Basin-wide, top-outlier",Micheletti et al 2018 Mol Ecol,,0.498611713,0.032545665,0.008156586,0.250619725,0.045359443,0.01138323,0.250956131,0.526346604,0.282992697,0.141496349,0.466270864,FALSE
34,no,Omy_RAD42793-59,omy11,51408522,NC_035087.1,NC_035087.1_51408522,0,51408522,Omy_RAD4279359,Adaptive,Adaptive,"Hess et al 2016, ProcB",,0.278302196,0.019220268,0.002683499,0.139618209,0.033548764,0.00469094,0.139824528,0.832939787,0.694551826,0.347275913,0.611143793,FALSE
43,yes,Omy_RAD5374-56,omy11,6186937,NC_035087.1,NC_035087.1_6186937,0,6186937,Omy_RAD537456,Adaptive,"Adaptive. Minimum annual precipitation. Basin-wide, top-outlier",Micheletti et al 2018 Mol Ecol,,0.495129941,0.000453147,0.000112257,0.247727804,0.014954747,0.003710255,0.24809882,0.549346017,0.25842277,0.870788615,0.691610204,FALSE
8,yes,Omy_RAD19578-59,omy12,67131514,NC_035088.1,NC_035088.1_67131514,0,67131514,Omy_RAD1957859,Adaptive,"Adaptive. Natal Site precipitation (driest quarter). Basin-wide, top-outlier",Micheletti et al 2018 Mol Ecol,This was corrected again after L1170,0.370189661,-0.00107556,-0.000199157,0.185165879,0.011991388,0.0022233,0.185408036,0.75476493,0.137492561,0.93125372,0.697314471,FALSE
14,no,Omy_RAD26691-36,omy12,47284987,NC_035088.1,NC_035088.1_47284987,0,47284987,Omy_RAD2669136,Adaptive,"Adaptive. Maxiumum air temperature (warmest quarter). Basin-wide, top-outlier",Micheletti et al 2018 Mol Ecol,,0.336341993,0.009021831,0.001520117,0.168493168,0.024297734,0.004100385,0.168755871,0.786057692,0.792859293,0.603570354,0.671207162,FALSE
19,yes,Omy_RAD33122-47,omy12,66078752,NC_035088.1,NC_035088.1_66078752,0,66078752,Omy_RAD3312247,Adaptive,"Adaptive. Basin-wide, top-outlier",Micheletti et al 2018 Mol Ecol,,0.220078215,-0.000276346,-3.04E-05,0.110105865,0.014807542,0.001632901,0.110274982,0.874113475,0.251580178,0.874209911,0.691610204,FALSE
27,yes,Omy_RAD38406-19,omy12,48181130,NC_035088.1,NC_035088.1_48181130,0,48181130,Omy_RAD3840619,Adaptive,"Adaptive. Maxiumum air temperature (warmest quarter). Basin-wide, temperature-related",Gen Assess BPA report 2017,,0.18074289,0.008975468,0.00081269,0.090545697,0.024303052,0.002204052,0.090690335,0.899535424,0.793184232,0.603407884,0.671207162,FALSE
57,yes,Omy_RAD76570-62,omy12,56297752,NC_035088.1,NC_035088.1_56297752,0,56297752,Omy_RAD7657062,Adaptive,"Adaptive. Minimum annual precipitation. Basin-wide, precipitation-related; ",Micheletti et al 2018 Mol Ecol,,0.313870957,0.015236872,0.002397841,0.157370937,0.029627301,0.004669349,0.157602927,0.805064782,0.8950679,0.44753395,0.671207162,FALSE
53,no,Omy_RAD66834-17,omy13,10112620,NC_035089.1,NC_035089.1_10112620,0,10112620,Omy_RAD6683417,Adaptive,Adaptive,"Hess et al 2016, ProcB",,0.173598276,0.005448093,0.000473532,0.086917085,0.019475658,0.001695221,0.087043088,0.903981265,0.500263062,0.749868469,0.671207162,FALSE
3,yes,Omy_RAD12566-14,omy14,44125336,NC_035090.1,NC_035090.1_44125336,0,44125336,Omy_RAD1256614,Adaptive,"Adaptive. Maximum Water Temperature. Basin-wide, top-outlier",Micheletti et al 2018 Mol Ecol,,0.498979189,0.007652259,0.001912363,0.249908268,0.021556577,0.005394977,0.250270594,0.522592152,0.624984413,0.687507794,0.671207162,FALSE
28,no,Omy_RAD3926-22,omy14,45345547,NC_035090.1,NC_035090.1_45345547,0,45345547,Omy_RAD392622,Adaptive,"Adaptive. Migration Distance to Ocean. Basin-wide, precipitation-related; ",Micheletti et al 2018 Mol Ecol,,0.201197123,0.031046076,0.003138937,0.101105773,0.044171285,0.004472069,0.101243795,0.886524823,0.312126343,0.156063171,0.492199233,FALSE
44,yes,Omy_RAD55404-54,omy14,43876869,NC_035090.1,NC_035090.1_43876869,0,43876869,Omy_RAD5540454,Adaptive,"Adaptive. Minimum annual precipitation. Basin-wide, top-outlier",Micheletti et al 2018 Mol Ecol,,0.422322082,0.010961713,0.002319656,0.211614344,0.024717469,0.005238029,0.211916072,0.697076023,0.818462383,0.590768808,0.671207162,FALSE
61,no,Omy_RAD88028-7,omy15,5676664,NC_035091.1,NC_035091.1_5676664,0,5676664,Omy_RAD880287,Adaptive,Adaptive,"Hess et al 2016, ProcB",,0.4048121,0.03497076,0.00711811,0.203544619,0.047919298,0.009766925,0.203820297,0.718160377,0.228003873,0.114001937,0.446082913,FALSE
17,yes,Omy_RAD31408-67,omy16,48341010,NC_035092.1,NC_035092.1_48341010,0,48341010,Omy_RAD3140867,Adaptive,"Adaptive. Basin-wide, top-outlier;  Stacks Locus ID is 31408_14",Micheletti unpublished,,0.424511415,0.004285447,0.000910666,0.212501951,0.017515033,0.003727092,0.212793872,0.694278903,0.388885247,0.805557376,0.682393645,FALSE
29,no,Omy_RAD40132-55,omy16,62784779,NC_035092.1,NC_035092.1_62784779,0,62784779,Omy_RAD4013255,Adaptive,"Adaptive. Natal site canopy cover. Basin-wide, top-outlier",Micheletti et al 2018 Mol Ecol,,0.465657746,0.01238502,0.002890445,0.233382318,0.027564277,0.006442838,0.233738691,0.631038647,0.988311638,0.505844181,0.671207162,FALSE
31,yes,Omy_RAD40641-58,omy16,17858278,NC_035092.1,NC_035092.1_17858278,0,17858278,Omy_RAD4064158,Adaptive,"Adaptive. Maxiumum air temperature (warmest quarter). Basin-wide, top-outlier",Micheletti et al 2018 Mol Ecol,,0.498311534,0.031326124,0.007845405,0.250442897,0.046251004,0.011601271,0.25083285,0.52905569,0.262675928,0.131337964,0.456343774,FALSE
10,no,Omy_RAD22123-69,omy17,23756920,NC_035093.1,NC_035093.1_23756920,0,23756920,Omy_RAD2212369,Adaptive,"Adaptive. Migration Distance to Ocean. Basin-wide, top-outlier",Micheletti et al 2018 Mol Ecol,,0.384956045,0.024286928,0.004693785,0.193263839,0.03799805,0.007354119,0.193539384,0.739837398,0.505908139,0.25295407,0.604946981,FALSE
36,yes,Omy_RAD43694-41,omy17,57728549,NC_035093.1,NC_035093.1_57728549,0,57728549,Omy_RAD4369441,Adaptive,"Adaptive. Basin-wide, top-outlier",Micheletti et al 2018 Mol Ecol,,0.341281975,0.005740622,0.000980979,0.170883686,0.020387838,0.003489178,0.171140183,0.781707317,0.554347646,0.722826177,0.671207162,FALSE
39,yes,Omy_RAD46672-27,omy17,58256353,NC_035093.1,NC_035093.1_58256353,0,58256353,Omy_RAD4667227,Adaptive,"Adaptive. Basin-wide, top-outlier",Micheletti et al 2018 Mol Ecol,,0.39456947,0.021436004,0.004244582,0.198011831,0.035646938,0.007068929,0.198303952,0.729598051,0.600284753,0.300142376,0.604946981,FALSE
18,no,Omy_RAD3209-10,omy18,50984953,NC_035094.1,NC_035094.1_50984953,0,50984953,Omy_RAD320910,Adaptive,"Adaptive. Basin-wide, top-outlier",Micheletti et al 2018 Mol Ecol,,0.48408605,0.047641592,0.011617263,0.243847079,0.060367219,0.014739898,0.244170562,0.589201878,0.073462468,0.036731234,0.221467736,FALSE
33,yes,Omy_RAD42465-32,omy18,25034287,NC_035094.1,NC_035094.1_25034287,0,25034287,Omy_RAD4246532,Adaptive,"Adaptive. Maxiumum air temperature (warmest quarter). Basin-wide, top-outlier",Micheletti et al 2018 Mol Ecol,,0.428939653,0.016566073,0.003563372,0.21510061,0.031498478,0.006785393,0.215419706,0.688494492,0.795617131,0.397808566,0.637115281,FALSE
60,yes,Omy_RAD78776-10,omy18,25034326,NC_035094.1,NC_035094.1_25034326,0,25034326,Omy_RAD7877610,Adaptive,"Adaptive. Maxiumum air temperature (warmest quarter). Basin-wide, temperature-related; ",Micheletti et al 2018 Mol Ecol,,0.12533703,0.02455022,0.001544858,0.062926438,0.038475861,0.002424634,0.06301702,0.932818074,0.488171499,0.244085749,0.604946981,FALSE
41,yes,Omy_RAD49111-35,omy19,40050111,NC_035095.1,NC_035095.1_40050111,0,40050111,Omy_RAD4911135,Adaptive,"Adaptive. Basin-wide, top-outlier",Micheletti et al 2018 Mol Ecol,,0.463844361,0.01231133,0.002861921,0.232462389,0.026527956,0.006175589,0.232795526,0.634453782,0.927448201,0.536275899,0.671207162,FALSE
56,no,Omy_RAD739-59,omy19,52923702,NC_035095.1,NC_035095.1_52923702,0,52923702,Omy_RAD73959,Adaptive,"Adaptive. Basin-wide, top-outlier",Micheletti et al 2018 Mol Ecol,,0.488936719,0.032715168,0.008040438,0.245770961,0.047821104,0.011771284,0.246152499,0.574375,0.229928948,0.114964474,0.446082913,FALSE
21,no,Omy_RAD35005-13,omy21,37188435,NC_035097.1,NC_035097.1_37188435,0,37188435,Omy_RAD3500513,Adaptive,"Adaptive. Number of Damns passed. Basin-wide, top-outlier",Micheletti et al 2018 Mol Ecol,,0.119248398,0.022757845,0.001362206,0.059856552,0.037576557,0.002252655,0.059948409,0.936320755,0.521955885,0.260977943,0.604946981,FALSE
24,yes,Omy_RAD3651-48,omy23,32029860,NC_035099.1,NC_035099.1_32029860,0,32029860,Omy_RAD365148,Adaptive,"Adaptive. Natal Site Diurnal Range. Basin-wide, top-outlier",Micheletti et al 2018 Mol Ecol,,0.386118029,0.024393553,0.004728683,0.19384968,0.037722066,0.007322601,0.194119833,0.738623104,0.516373125,0.258186562,0.604946981,FALSE
40,no,Omy_RAD4848-14,omy23,5493648,NC_035099.1,NC_035099.1_5493648,0,5493648,Omy_RAD484814,Adaptive,"Adaptive. Air and water temperature. Basin-wide, top-outlier",Micheletti et al 2018 Mol Ecol,,0.475190218,0.035762599,0.008545857,0.238960732,0.049626268,0.011875775,0.239304209,0.611377246,0.196712701,0.098356351,0.420063581,FALSE
45,no,Omy_RAD55997-10,omy24,27405886,NC_035100.1,NC_035100.1_27405886,0,27405886,Omy_RAD5599710,Adaptive,"Adaptive. Range of heat load index. Basin-wide, top-outlier",Micheletti et al 2018 Mol Ecol,,0.182246921,0.054629916,0.00502047,0.091899646,0.067705111,0.006230602,0.092025576,0.8985932,0.035787933,0.017893966,0.122275436,FALSE
2,no,Omy_RAD1186-59,omy25,70252314,NC_035101.1,NC_035101.1_70252314,0,70252314,Omy_RAD118659,Adaptive,"Adaptive. Basin-wide, top-outlier",Micheletti et al 2018 Mol Ecol,,0.441721532,0.031651961,0.007026313,0.22198666,0.045892794,0.010202294,0.222307111,0.670702179,0.270683973,0.135341987,0.462418454,FALSE
47,yes,Omy_RAD59758-41,omy25,40219356,NC_035101.1,NC_035101.1_40219356,0,40219356,Omy_RAD5975841,Adaptive,"Adaptive. Minimum annual precipitation. Basin-wide, precipitation-related; ",Micheletti et al 2018 Mol Ecol,,0.32,0.043001709,0.00692695,0.161085453,0.057033893,0.009200624,0.161318539,0.8,0.100676907,0.050338454,0.271562711,FALSE
4,no,Omy_RAD13034-67,omy26,12537039,NC_035102.1,NC_035102.1_12537039,0,12537039,Omy_RAD1303467,Adaptive,Adaptive-Thermal Adaptation,"Chen et al. 2018, MEC. Micheletti et al. 2018, MEC",,0.470848403,0.028280347,0.006688961,0.2365233,0.042268797,0.010012066,0.236866601,0.620730271,0.363973972,0.181986986,0.532961887,FALSE
32,yes,Omy_RAD41594-34,omy26,5600475,NC_035102.1,NC_035102.1_5600475,0,5600475,Omy_RAD4159434,Adaptive,"Adaptive. Maxiumum air temperature (warmest quarter). Basin-wide, temperature-related",Gen Assess BPA report 2017,Minor 4th cluser in Bonn,0.37437107,0.019730168,0.003705762,0.18782211,0.03448599,0.006486482,0.188090364,0.750628141,0.651277761,0.325638881,0.611143793,FALSE
64,no,Omy_RAD98715-53,omy27,26443896,NC_035103.1,NC_035103.1_26443896,0,26443896,Omy_RAD9871553,Adaptive,"Adaptive. Maxiumum air temperature (warmest quarter). Basin-wide, top-outlier",Micheletti et al 2018 Mol Ecol,Tricky Correction Factor. I settled on 1.7. May still cause problems for interior. Corrected again after L1170,0.122148713,0.033579254,0.002061886,0.061403579,0.045373776,0.002789473,0.061477652,0.934655776,0.282655796,0.141327898,0.466270864,FALSE
38,no,Omy_RAD46452-51,omy28,27516610,NC_035104.1,NC_035104.1_27516610,0,27516610,Omy_RAD4645251,Adaptive,"Adaptive. Mean annual precipitation. Basin-wide, top-outlier",Micheletti et al 2018 Mol Ecol,,0.332373214,0.052339242,0.008768616,0.167534265,0.067092188,0.011257144,0.167786215,0.789505428,0.038050187,0.019025093,0.125811102,FALSE
65,yes,Omy28_11773194,omy28,11773194,NC_035104.1,NC_035104.1_11773194,0,11773194,Chr28_11773194,Adaptive,Adaptive. Run Timing,Narum 2019 unpublished,,0.309232432,0.005164619,0.000799723,0.154846423,0.022203483,0.003444853,0.155149225,0.808842653,0.664492658,0.667753671,0.671207162,FALSE