Locus,chromosome,snp.coordinate.in.genome,Scaffold,LocusName,Physical_Position,Locus_Name1,Status,
OMS00153,omy08,16303316,NC_035084.1,NC_035084.1_16303316,16303316,OMS00153,Neutral,
OMS00169,omy05,67568174,NC_035081.1,NC_035081.1_67568174,67568174,OMS00169,Neutral,
Omy_BAMBI4.238,omy11,24411085,NC_035087.1,NC_035087.1_24411085,24411085,Omy_BAMBI4238,Neutral,
Omy_bcAKala-380rd,omy05,53469295,NC_035081.1,NC_035081.1_53469295,53469295,Omy_bcAKala380rd,Neutral,
Omy_cd59b-112,omy02,38922611,NC_035078.1,NC_035078.1_38922611,38922611,Omy_cd59b112,Neutral,
Omy_GREB1_05,omy28,11618027,NC_035104.1,NC_035104.1_11618027,11618027,Omy_GREB1_05,Adaptive,
Omy_GREB1_09,omy28,11641623,NC_035104.1,NC_035104.1_11641623,11641623,Omy_GREB1_09,Adaptive,
Omy_nkef-241,omy08,69427037,NC_035084.1,NC_035084.1_69427037,69427037,Omy_nkef241,Neutral,
Omy_RAD14033-46,omy25,60064021,NC_035101.1,NC_035101.1_60064021,60064021,Omy_RAD1403346,Adaptive,
Omy_RAD15709-53,omy28,11667915,NC_035104.1,NC_035104.1_11667915,11667915,Omy_RAD1570953,Adaptive,
Omy_RAD25042-68,omy02,32793123,NC_035078.1,NC_035078.1_32793123,32793123,Omy_RAD2504268,Adaptive,
Omy_RAD47080-54,omy28,11667915,NC_035104.1,NC_035104.1_11667915,11667915,Omy_RAD4708054,Adaptive,
Omy_RAD72528-44,omy01,7354513,NC_035077.1,NC_035077.1_7354513,7354513,Omy_RAD7252844,Adaptive,
Omy_SECC22b-88,omy05,61828903,NC_035081.1,NC_035081.1_61828903,61828903,Omy_SECC22b88,Neutral,
Omy28_11607954,omy28,11607954,NC_035104.1,NC_035104.1_11607954,11607954,Chr28_11607954,Adaptive,
Omy28_11625241,omy28,11625241,NC_035104.1,NC_035104.1_11625241,11625241,Chr28_11625241,Adaptive,
Omy28_11632591,omy28,11632591,NC_035104.1,NC_035104.1_11632591,11632591,Chr28_11632591,Adaptive,
Omy28_11658853,omy28,11658853,NC_035104.1,NC_035104.1_11658853,11658853,Chr28_11658853,Adaptive,
Omy28_11667578,omy28,11667578,NC_035104.1,NC_035104.1_11667578,11667578,Chr28_11667578,Adaptive,
Omy28_11671116,omy28,11671116,NC_035104.1,NC_035104.1_11671116,11671116,Chr28_11671116,Adaptive,
Omy28_11676622,omy28,11676622,NC_035104.1,NC_035104.1_11676622,11676622,Chr28_11676622,Adaptive,
Omy28_11683204,omy28,11683204,NC_035104.1,NC_035104.1_11683204,11683204,Chr28_11683204,Adaptive,
OmyR14589,omy05,56162785,NC_035081.1,NC_035081.1_56162785,56162785,OmyR14589,Adaptive,
OmyR19198,omy05,34973485,NC_035081.1,NC_035081.1_34973485,34973485,OmyR19198,Adaptive,
OmyR24370,omy05,28579373,NC_035081.1,NC_035081.1_28579373,28579373,OmyR24370,Adaptive,
OmyR33562,omy05,47337540,NC_035081.1,NC_035081.1_47337540,47337540,OmyR33562,Adaptive,
OmyR40252,omy05,31675278,NC_035081.1,NC_035081.1_31675278,31675278,OmyR40252,Adaptive,